date,spps,common_name,salinity_ppt,temperature_C,do_percent_sat,alpha_Boutilier,probe_kit,respirometer,respirometer_vol_mL,finclip_tank_id,mass_g,baro_pressure_kPa,measurement_period,timepoint_measurement_minutes,corr_percent_sat_DO,po2_torr,umol_O2_per_sec,selection_time_start,selection_time_end,selection_duration_seconds,comments
2-Mar-18,Oligocottus maculosus,tidepool sculpin,35,12,100,1.7206,NFB0010,1s,72.54,olma-I-new-middle-b1new-wt,4.7,101.2,mo2_max,4.0254,85.7473,136.3584,-0.0133,01:30.0,06:30.0,315,first slope of trace is mo2_max
2-Mar-18,Oligocottus maculosus,tidepool sculpin,35,12,100,1.7206,NFB0010,1s,72.54,olma-I-new-middle-b1new-wt,4.7,101.2,mo2_routine,15.081,90.4913,143.9025,-0.0065,12:30.0,17:30.0,315,
2-Mar-18,Oligocottus maculosus,tidepool sculpin,35,12,100,1.7206,NFB0010,1s,72.54,olma-I-new-middle-b1new-wt,4.7,101.2,mo2_routine,26.0114,92.2953,146.7713,-0.0048,23:15.0,28:30.0,330,
2-Mar-18,Oligocottus maculosus,tidepool sculpin,35,12,100,1.7206,NFB0010,1s,72.54,olma-I-new-middle-b1new-wt,4.7,101.2,mo2_routine,37.0644,92.5575,147.1883,-0.0041,34:15.0,39:30.0,330,
2-Mar-18,Oligocottus maculosus,tidepool sculpin,35,12,100,1.7206,NFB0010,1s,72.54,olma-I-new-middle-b1new-wt,4.7,101.2,mo2_routine,48.1158,93.3254,148.4093,-0.004,45:30.0,50:15.0,300,
2-Mar-18,Oligocottus maculosus,tidepool sculpin,35,12,100,1.7206,NFB0010,1s,72.54,olma-I-new-middle-b1new-wt,4.7,101.2,mo2_routine,58.9189,93.5136,148.7087,-0.0039,56:00.0,01:15.0,330,
2-Mar-18,Oligocottus maculosus,tidepool sculpin,35,12,100,1.7206,NFB0010,1s,72.54,olma-I-new-middle-b1new-wt,4.7,101.2,mo2_routine,69.9689,92.553,147.1811,-0.0056,07:00.0,12:15.0,330,
2-Mar-18,Oligocottus maculosus,tidepool sculpin,35,12,100,1.7206,NFB0010,1s,72.54,olma-I-new-middle-b1new-wt,4.7,101.2,mo2_routine,81.0183,88.6074,140.9067,-0.0082,18:15.0,23:00.0,300,
2-Mar-18,Oligocottus maculosus,tidepool sculpin,35,12,100,1.7206,NFB0010,1s,72.54,olma-I-new-middle-b1new-wt,4.7,101.2,mo2_routine,92.0705,91.7434,145.8937,-0.0058,29:00.0,34:15.0,330,
2-Mar-18,Oligocottus maculosus,tidepool sculpin,35,12,100,1.7206,NFB0010,1s,72.54,olma-I-new-middle-b1new-wt,4.7,101.2,mo2_routine,102.9986,89.98,143.0894,-0.0073,39:45.0,45:15.0,345,
2-Mar-18,Oligocottus maculosus,tidepool sculpin,35,12,100,1.7206,NFB0010,1s,72.54,olma-I-new-middle-b1new-wt,4.7,101.2,mo2_routine,114.4306,88.8285,141.2583,-0.0091,51:45.0,56:00.0,270,
2-Mar-18,Oligocottus maculosus,tidepool sculpin,35,12,100,1.7206,NFB0010,1s,72.54,olma-I-new-middle-b1new-wt,4.7,101.2,mo2_routine,125.3561,91.175,144.9897,-0.0067,02:30.0,07:00.0,285,
2-Mar-18,Oligocottus maculosus,tidepool sculpin,35,12,100,1.7206,NFB0010,1s,72.54,olma-I-new-middle-b1new-wt,4.7,101.2,mo2_routine,135.7818,92.8844,147.7081,-0.0049,12:30.0,17:45.0,330,
2-Mar-18,Oligocottus maculosus,tidepool sculpin,35,12,100,1.7206,NFB0010,1s,72.54,olma-I-new-middle-b1new-wt,4.7,101.2,mo2_routine,147.0811,91.7608,145.9213,-0.0055,23:45.0,29:00.0,330,
2-Mar-18,Oligocottus maculosus,tidepool sculpin,35,12,100,1.7206,NFB0010,1s,72.54,olma-I-new-middle-b1new-wt,4.7,101.2,mo2_routine,158.1333,91.7042,145.8312,-0.0061,35:00.0,39:45.0,300,
2-Mar-18,Oligocottus maculosus,tidepool sculpin,35,12,100,1.7206,NFB0010,1s,72.54,olma-I-new-middle-b1new-wt,4.7,101.2,mo2_routine,169.3095,93.5568,148.7774,-0.0044,46:00.0,51:00.0,315,
2-Mar-18,Oligocottus maculosus,tidepool sculpin,35,12,100,1.7206,NFB0010,1s,72.54,olma-I-new-middle-b1new-wt,4.7,101.2,mo2_routine,179.9864,92.4364,146.9956,-0.005,56:30.0,01:45.0,330,
2-Mar-18,Oligocottus maculosus,tidepool sculpin,35,12,100,1.7206,NFB0010,1s,72.54,olma-I-new-middle-b1new-wt,4.7,101.2,mo2_routine,191.5435,93.7488,149.0826,-0.0039,08:30.0,12:45.0,270,
2-Mar-18,Oligocottus maculosus,tidepool sculpin,35,12,100,1.7206,NFB0010,1s,72.54,olma-I-new-middle-b1new-wt,4.7,101.2,mo2_routine,201.8401,93.6855,148.9821,-0.0039,18:15.0,23:30.0,330,
2-Mar-18,Oligocottus maculosus,tidepool sculpin,35,12,100,1.7206,NFB0010,1s,72.54,olma-I-new-middle-b1new-wt,4.7,101.2,mo2_routine,213.2706,94.4765,150.2399,-0.0034,29:45.0,34:45.0,315,
2-Mar-18,Oligocottus maculosus,tidepool sculpin,35,12,100,1.7206,NFB0010,1s,72.54,olma-I-new-middle-b1new-wt,4.7,101.2,mo2_routine,223.6979,93.8403,149.2283,-0.0039,39:45.0,45:30.0,360,
2-Mar-18,Oligocottus maculosus,tidepool sculpin,35,12,100,1.7206,NFB0010,1s,72.54,olma-I-new-middle-b1new-wt,4.7,101.2,mo2_routine,234.8732,95.3112,151.5673,-0.0028,51:00.0,56:30.0,345,
2-Mar-18,Oligocottus maculosus,tidepool sculpin,35,12,100,1.7206,NFB0010,1s,72.54,olma-I-new-middle-b1new-wt,4.7,101.2,mo2_routine,246.1738,95.2588,151.4839,-0.0028,02:30.0,07:30.0,315,
2-Mar-18,Oligocottus maculosus,tidepool sculpin,35,12,100,1.7206,NFB0010,1s,72.54,olma-I-new-middle-b1new-wt,4.7,101.2,mo2_routine,256.847,94.0108,149.4993,-0.0037,13:00.0,18:15.0,330,
2-Mar-18,Oligocottus maculosus,tidepool sculpin,35,12,100,1.7206,NFB0010,1s,72.54,olma-I-new-middle-b1new-wt,4.7,101.2,mo2_routine,267.7739,93.6736,148.9631,-0.0047,23:45.0,29:15.0,345,
2-Mar-18,Oligocottus maculosus,tidepool sculpin,35,12,100,1.7206,NFB0010,1s,72.54,olma-I-new-middle-b1new-wt,4.7,101.2,mo2_routine,278.9508,94.4703,150.2301,-0.0035,35:00.0,40:15.0,330,
2-Mar-18,Oligocottus maculosus,tidepool sculpin,35,12,100,1.7206,NFB0010,1s,72.54,olma-I-new-middle-b1new-wt,4.7,101.2,mo2_routine,290.0053,95.0614,151.17,-0.0028,46:00.0,51:15.0,330,
2-Mar-18,Oligocottus maculosus,tidepool sculpin,35,12,100,1.7206,NFB0010,1s,72.54,olma-I-new-middle-b1new-wt,4.7,101.2,mo2_routine,301.3108,95.4453,151.7805,-0.0032,57:30.0,02:15.0,300,
2-Mar-18,Oligocottus maculosus,tidepool sculpin,35,12,100,1.7206,NFB0010,1s,72.54,olma-I-new-middle-b1new-wt,4.7,101.2,mo2_routine,311.7362,95.4874,151.8475,-0.0028,07:30.0,13:00.0,345,
2-Mar-18,Oligocottus maculosus,tidepool sculpin,35,12,100,1.7206,NFB0010,1s,72.54,olma-I-new-middle-b1new-wt,4.7,101.2,mo2_routine,323.2913,95.755,152.273,-0.0026,19:15.0,24:15.0,315,
2-Mar-18,Oligocottus maculosus,tidepool sculpin,35,12,100,1.7206,NFB0010,1s,72.54,olma-I-new-middle-b1new-wt,4.7,101.2,mo2_routine,334.219,95.6726,152.142,-0.0025,30:00.0,35:15.0,330,
2-Mar-18,Oligocottus maculosus,tidepool sculpin,35,12,100,1.7206,NFB0010,1s,72.54,olma-I-new-middle-b1new-wt,4.7,101.2,mo2_routine,345.65,95.0723,151.1874,-0.0037,41:45.0,46:15.0,285,
2-Mar-18,Oligocottus maculosus,tidepool sculpin,35,12,100,1.7206,NFB0010,1s,72.54,olma-I-new-middle-b1new-wt,4.7,101.2,mo2_routine,355.696,96.1214,152.8557,-0.0024,51:00.0,57:00.0,375,
2-Mar-18,Oligocottus maculosus,tidepool sculpin,35,12,100,1.7206,NFB0010,1s,72.54,olma-I-new-middle-b1new-wt,4.7,101.2,mo2_routine,366.9968,95.2606,151.4869,-0.0036,02:45.0,07:45.0,315,
2-Mar-18,Oligocottus maculosus,tidepool sculpin,35,12,100,1.7206,NFB0010,1s,72.54,olma-I-new-middle-b1new-wt,4.7,101.2,mo2_routine,377.8036,95.6523,152.1097,-0.0029,13:15.0,18:45.0,345,
2-Mar-18,Oligocottus maculosus,tidepool sculpin,35,12,100,1.7206,NFB0010,1s,72.54,olma-I-new-middle-b1new-wt,4.7,101.2,mo2_routine,388.9765,96.1623,152.9208,-0.0028,24:30.0,29:45.0,330,
2-Mar-18,Oligocottus maculosus,tidepool sculpin,35,12,100,1.7206,NFB0010,1s,72.54,olma-I-new-middle-b1new-wt,4.7,101.2,mo2_routine,399.7798,95.9121,152.5228,-0.0024,35:00.0,40:45.0,360,
2-Mar-18,Oligocottus maculosus,tidepool sculpin,35,12,100,1.7206,NFB0010,1s,72.54,olma-I-new-middle-b1new-wt,4.7,101.2,mo2_routine,410.5778,95.9667,152.6097,-0.0027,45:45.0,51:30.0,360,
2-Mar-18,Oligocottus maculosus,tidepool sculpin,35,12,100,1.7206,NFB0010,1s,72.54,olma-I-new-middle-b1new-wt,4.7,101.2,mo2_routine,422.2564,96.2687,153.0899,-0.0024,57:45.0,02:45.0,315,
2-Mar-18,Oligocottus maculosus,tidepool sculpin,35,12,100,1.7206,NFB0010,1s,72.54,olma-I-new-middle-b1new-wt,4.7,101.2,mo2_routine,433.0536,95.8638,152.4461,-0.0028,08:15.0,13:45.0,345,
2-Mar-18,Oligocottus maculosus,tidepool sculpin,35,12,100,1.7206,NFB0010,1s,72.54,olma-I-new-middle-b1new-wt,4.7,101.2,mo2_routine,443.9826,95.8213,152.3785,-0.0027,19:00.0,24:45.0,360,
2-Mar-18,Oligocottus maculosus,tidepool sculpin,35,12,100,1.7206,NFB0010,1s,72.54,olma-I-new-middle-b1new-wt,4.7,101.2,mo2_routine,455.1637,95.7688,152.2949,-0.0024,30:15.0,35:45.0,345,
2-Mar-18,Oligocottus maculosus,tidepool sculpin,35,12,100,1.7206,NFB0010,1s,72.54,olma-I-new-middle-b1new-wt,4.7,101.2,mo2_routine,465.9651,95.7601,152.2812,-0.0029,41:15.0,46:15.0,315,
2-Mar-18,Oligocottus maculosus,tidepool sculpin,35,12,100,1.7206,NFB0010,1s,72.54,olma-I-new-middle-b1new-wt,4.7,101.2,mo2_routine,477.1447,96.5273,153.5012,-0.0023,52:15.0,57:30.0,330,
2-Mar-18,Oligocottus maculosus,tidepool sculpin,35,12,100,1.7206,NFB0010,1s,72.54,olma-I-new-middle-b1new-wt,4.7,101.2,mo2_routine,487.9478,96.4708,153.4114,-0.0028,03:00.0,08:15.0,330,
2-Mar-18,Oligocottus maculosus,tidepool sculpin,35,12,100,1.7206,NFB0010,1s,72.54,olma-I-new-middle-b1new-wt,4.7,101.2,mo2_routine,499.123,96.2097,152.996,-0.0027,14:15.0,19:15.0,315,
2-Mar-18,Oligocottus maculosus,tidepool sculpin,35,12,100,1.7206,NFB0010,1s,72.54,olma-I-new-middle-b1new-wt,4.7,101.2,mo2_routine,510.05,95.8815,152.4742,-0.0024,24:45.0,30:30.0,360,
2-Mar-18,Oligocottus maculosus,tidepool sculpin,35,12,100,1.7206,NFB0010,1s,72.54,olma-I-new-middle-b1new-wt,4.7,101.2,mo2_routine,520.6007,96.6815,153.7464,-0.0026,35:15.0,41:00.0,360,
2-Mar-18,Oligocottus maculosus,tidepool sculpin,35,12,100,1.7206,NFB0010,1s,72.54,olma-I-new-middle-b1new-wt,4.7,101.2,mo2_routine,531.6535,96.5772,153.5805,-0.0027,46:15.0,52:00.0,360,
2-Mar-18,Oligocottus maculosus,tidepool sculpin,35,12,100,1.7206,NFB0010,1s,72.54,olma-I-new-middle-b1new-wt,4.7,101.2,mo2_routine,543.0859,96.1514,152.9034,-0.0028,58:15.0,02:45.0,285,
2-Mar-18,Oligocottus maculosus,tidepool sculpin,35,12,100,1.7206,NFB0010,1s,72.54,olma-I-new-middle-b1new-wt,4.7,101.2,mo2_routine,553.6349,96.3262,153.1815,-0.0033,08:30.0,13:30.0,315,
2-Mar-18,Oligocottus maculosus,tidepool sculpin,35,12,100,1.7206,NFB0010,1s,72.54,olma-I-new-middle-b1new-wt,4.7,101.2,mo2_routine,564.8153,96.4787,153.424,-0.0022,19:15.0,25:00.0,360,
2-Mar-18,Oligocottus maculosus,tidepool sculpin,35,12,100,1.7206,NFB0010,1s,72.54,olma-I-new-middle-b1new-wt,4.7,101.2,mo2_routine,575.9929,96.4838,153.4321,-0.0024,30:45.0,35:45.0,315,
2-Mar-18,Oligocottus maculosus,tidepool sculpin,35,12,100,1.7206,NFB0010,1s,72.54,olma-I-new-middle-b1new-wt,4.7,101.2,mo2_routine,587.2976,96.7456,153.8482,-0.0023,42:00.0,47:00.0,315,
2-Mar-18,Oligocottus maculosus,tidepool sculpin,35,12,100,1.7206,NFB0010,1s,72.54,olma-I-new-middle-b1new-wt,4.7,101.2,mo2_routine,598.0992,96.3917,153.2855,-0.0025,52:45.0,57:45.0,315,
2-Mar-18,Oligocottus maculosus,tidepool sculpin,35,12,100,1.7206,NFB0010,1s,72.54,olma-I-new-middle-b1new-wt,4.7,101.2,mo2_routine,609.1532,95.8094,152.3596,-0.003,03:45.0,08:45.0,315,
2-Mar-18,Oligocottus maculosus,tidepool sculpin,35,12,100,1.7206,NFB0010,1s,72.54,olma-I-new-middle-b1new-wt,4.7,101.2,mo2_routine,619.9567,96.5898,153.6006,-0.0023,14:00.0,20:00.0,375,
2-Mar-18,Oligocottus maculosus,tidepool sculpin,35,12,100,1.7206,NFB0010,1s,72.54,olma-I-new-middle-b1new-wt,4.7,101.2,mo2_routine,630.8812,96.445,153.3703,-0.0025,25:00.0,30:45.0,360,
2-Mar-18,Oligocottus maculosus,tidepool sculpin,35,12,100,1.7206,NFB0010,1s,72.54,olma-I-new-middle-b1new-wt,4.7,101.2,mo2_routine,642.3094,96.829,153.9809,-0.0023,36:30.0,42:00.0,345,
2-Mar-18,Oligocottus maculosus,tidepool sculpin,35,12,100,1.7206,NFB0010,1s,72.54,olma-I-new-middle-b1new-wt,4.7,101.2,mo2_routine,653.4879,96.7372,153.835,-0.0023,47:45.0,53:00.0,330,
2-Mar-18,Oligocottus maculosus,tidepool sculpin,35,12,100,1.7206,NFB0010,1s,72.54,olma-I-new-middle-b1new-wt,4.7,101.2,mo2_routine,664.2901,96.4909,153.4432,-0.0026,58:45.0,03:30.0,300,
2-Mar-18,Oligocottus maculosus,tidepool sculpin,35,12,100,1.7206,NFB0010,1s,72.54,olma-I-new-middle-b1new-wt,4.7,101.2,mo2_routine,675.3409,96.2909,153.1253,-0.0025,09:30.0,14:45.0,330,
2-Mar-18,Oligocottus maculosus,tidepool sculpin,35,12,100,1.7206,NFB0010,1s,72.54,olma-I-new-middle-b1new-wt,4.7,101.2,mo2_routine,685.8917,96.8565,154.0246,-0.0026,20:00.0,25:15.0,330,
2-Mar-18,Oligocottus maculosus,tidepool sculpin,35,12,100,1.7206,NFB0010,1s,72.54,olma-I-new-middle-b1new-wt,4.7,101.2,mo2_routine,697.3222,96.0679,152.7706,-0.0028,31:30.0,36:30.0,315,
2-Mar-18,Oligocottus maculosus,tidepool sculpin,35,12,100,1.7206,NFB0010,1s,72.54,olma-I-new-middle-b1new-wt,4.7,101.2,mo2_routine,708.25,96.4483,153.3756,-0.0027,42:30.0,47:15.0,300,
2-Mar-18,Oligocottus maculosus,tidepool sculpin,35,12,100,1.7206,NFB0010,1s,72.54,olma-I-new-middle-b1new-wt,4.7,101.2,mo2_routine,718.6746,96.1909,152.9662,-0.0037,53:00.0,57:30.0,285,
2-Mar-18,Oligocottus maculosus,tidepool sculpin,35,12,100,1.7206,NFB0010,1s,72.54,olma-I-new-middle-b1new-wt,4.7,101.2,mo2_routine,730.1053,96.0542,152.7487,-0.0027,04:00.0,09:15.0,330,
2-Mar-18,Oligocottus maculosus,tidepool sculpin,35,12,100,1.7206,NFB0010,1s,72.54,olma-I-new-middle-b1new-wt,4.7,101.2,mo2_routine,740.9061,96.8986,154.0915,-0.0022,14:45.0,20:00.0,330,
2-Mar-18,Oligocottus maculosus,tidepool sculpin,35,12,100,1.7206,NFB0010,1s,72.54,olma-I-new-middle-b1new-wt,4.7,101.2,mo2_routine,751.9605,95.7635,152.2866,-0.0025,25:45.0,31:00.0,330,
2-Mar-18,Oligocottus maculosus,tidepool sculpin,35,12,100,1.7206,NFB0010,1s,72.54,olma-I-new-middle-b1new-wt,4.7,101.2,mo2_routine,763.0144,96.2772,153.1034,-0.0029,36:45.0,42:00.0,330,
2-Mar-18,Oligocottus maculosus,tidepool sculpin,35,12,100,1.7206,NFB0010,1s,72.54,olma-I-new-middle-b1new-wt,4.7,101.2,mo2_routine,774.1929,96.3971,153.2941,-0.0028,48:00.0,53:00.0,315,
2-Mar-18,Oligocottus maculosus,tidepool sculpin,35,12,100,1.7206,NFB0010,1s,72.54,olma-I-new-middle-b1new-wt,4.7,101.2,mo2_routine,785.246,96.6416,153.6829,-0.0026,59:00.0,04:00.0,315,
2-Mar-18,Oligocottus maculosus,tidepool sculpin,35,12,100,1.7206,NFB0010,1s,72.54,olma-I-new-middle-b1new-wt,4.7,101.2,mo2_routine,796.0514,96.2712,153.0939,-0.0025,09:30.0,15:00.0,345,
2-Mar-18,Oligocottus maculosus,tidepool sculpin,35,12,100,1.7206,NFB0010,1s,72.54,olma-I-new-middle-b1new-wt,4.7,101.2,mo2_routine,806.9798,96.3809,153.2683,-0.0031,20:15.0,26:00.0,360,
2-Mar-18,Oligocottus maculosus,tidepool sculpin,35,12,100,1.7206,NFB0010,1s,72.54,olma-I-new-middle-b1new-wt,4.7,101.2,mo2_routine,817.6566,96.8496,154.0137,-0.0029,31:00.0,36:30.0,345,
2-Mar-18,Oligocottus maculosus,tidepool sculpin,35,12,100,1.7206,NFB0010,1s,72.54,olma-I-new-middle-b1new-wt,4.7,101.2,mo2_routine,828.7087,96.9609,154.1907,-0.0026,42:00.0,47:30.0,345,
2-Mar-18,Oligocottus maculosus,tidepool sculpin,35,12,100,1.7206,NFB0010,1s,72.54,olma-I-new-middle-b1new-wt,4.7,101.2,mo2_routine,839.8882,97.2184,154.6002,-0.0022,53:00.0,58:45.0,360,
2-Mar-18,Oligocottus maculosus,tidepool sculpin,35,12,100,1.7206,NFB0010,1s,72.54,olma-I-new-middle-b1new-wt,4.7,101.2,mo2_routine,850.8153,97.295,154.7219,-0.0021,03:45.0,09:45.0,375,
2-Mar-18,Oligocottus maculosus,tidepool sculpin,35,12,100,1.7206,NFB0010,1s,72.54,olma-I-new-middle-b1new-wt,4.7,101.2,mo2_routine,861.997,96.6729,153.7328,-0.0024,15:15.0,20:30.0,330,
2-Mar-18,Oligocottus maculosus,tidepool sculpin,35,12,100,1.7206,NFB0010,1s,72.54,olma-I-new-middle-b1new-wt,4.7,101.2,mo2_routine,872.9225,96.8911,154.0797,-0.0023,26:00.0,31:30.0,345,
2-Mar-18,Oligocottus maculosus,tidepool sculpin,35,12,100,1.7206,NFB0010,1s,72.54,olma-I-new-middle-b1new-wt,4.7,101.2,mo2_routine,883.9746,96.4883,153.4391,-0.0023,36:45.0,42:45.0,375,
2-Mar-18,Oligocottus maculosus,tidepool sculpin,35,12,100,1.7206,NFB0010,1s,72.54,olma-I-new-middle-b1new-wt,4.7,101.2,mo2_routine,895.4061,96.7846,153.9103,-0.0024,48:30.0,53:45.0,330,
2-Mar-18,Oligocottus maculosus,tidepool sculpin,35,12,100,1.7206,NFB0010,1s,72.54,olma-I-new-middle-b1new-wt,4.7,101.2,mo2_routine,906.2075,97.1534,154.4969,-0.0022,59:15.0,04:30.0,330,
2-Mar-18,Oligocottus maculosus,tidepool sculpin,35,12,100,1.7206,NFB0010,1s,72.54,olma-I-new-middle-b1new-wt,4.7,101.2,mo2_routine,917.0097,96.9964,154.2471,-0.0023,09:45.0,15:30.0,360,
2-Mar-18,Oligocottus maculosus,tidepool sculpin,35,12,100,1.7206,NFB0010,1s,72.54,olma-I-new-middle-b1new-wt,4.7,101.2,mo2_routine,928.3144,96.9165,154.1201,-0.0024,21:15.0,26:30.0,330,
2-Mar-18,Oligocottus maculosus,tidepool sculpin,35,12,100,1.7206,NFB0010,1s,72.54,olma-I-new-middle-b1new-wt,4.7,101.2,mo2_routine,938.6118,97.2585,154.664,-0.0023,31:15.0,37:00.0,360,
2-Mar-18,Oligocottus maculosus,tidepool sculpin,35,12,100,1.7206,NFB0010,1s,72.54,olma-I-new-middle-b1new-wt,4.7,101.2,mo2_routine,950.0421,96.9308,154.1429,-0.0029,43:00.0,48:00.0,315,
2-Mar-18,Oligocottus maculosus,tidepool sculpin,35,12,100,1.7206,NFB0010,1s,72.54,olma-I-new-middle-b1new-wt,4.7,101.2,mo2_routine,961.346,96.9157,154.1188,-0.0025,54:15.0,59:15.0,315,
2-Mar-18,Oligocottus maculosus,tidepool sculpin,35,12,100,1.7206,NFB0010,1s,72.54,olma-I-new-middle-b1new-wt,4.7,101.2,mo2_routine,971.8969,97.1295,154.4588,-0.0024,04:45.0,09:45.0,315,
2-Mar-18,Oligocottus maculosus,tidepool sculpin,35,12,100,1.7206,NFB0010,1s,72.54,olma-I-new-middle-b1new-wt,4.7,101.2,mo2_routine,983.0795,97.285,154.7061,-0.0024,15:45.0,21:00.0,330,
2-Mar-18,Oligocottus maculosus,tidepool sculpin,35,12,100,1.7206,NFB0010,1s,72.54,olma-I-new-middle-b1new-wt,4.7,101.2,mo2_routine,993.754,97.4715,155.0027,-0.0021,26:00.0,32:00.0,375,
2-Mar-18,Oligocottus maculosus,tidepool sculpin,35,12,100,1.7206,NFB0010,1s,72.54,olma-I-new-middle-b1new-wt,4.7,101.2,mo2_routine,1005.1826,97.1846,154.5465,-0.0024,37:45.0,43:00.0,330,
2-Mar-18,Oligocottus maculosus,tidepool sculpin,35,12,100,1.7206,NFB0010,1s,72.54,olma-I-new-middle-b1new-wt,4.7,101.2,mo2_routine,1015.9841,97.3012,154.7318,-0.0024,48:30.0,53:45.0,330,
2-Mar-18,Oligocottus maculosus,tidepool sculpin,35,12,100,1.7206,NFB0010,1s,72.54,olma-I-new-middle-b1new-wt,4.7,101.2,mo2_routine,1026.7856,97.2787,154.6961,-0.0024,59:15.0,04:30.0,330,
2-Mar-18,Oligocottus maculosus,tidepool sculpin,35,12,100,1.7206,NFB0010,1s,72.54,olma-I-new-middle-b1new-wt,4.7,101.2,mo2_routine,1037.9601,97.2743,154.6891,-0.0023,10:15.0,15:45.0,345,
2-Mar-18,Oligocottus maculosus,tidepool sculpin,35,12,100,1.7206,NFB0010,1s,72.54,olma-I-new-middle-b1new-wt,4.7,101.2,mo2_routine,1049.1375,97.3097,154.7454,-0.0021,21:15.0,27:00.0,360,
2-Mar-18,Oligocottus maculosus,tidepool sculpin,35,12,100,1.7206,NFB0010,1s,72.54,olma-I-new-middle-b1new-wt,4.7,101.2,mo2_routine,1060.0651,97.1238,154.4497,-0.0025,32:30.0,37:30.0,315,
2-Mar-18,Oligocottus maculosus,tidepool sculpin,35,12,100,1.7206,NFB0010,1s,72.54,olma-I-new-middle-b1new-wt,4.7,101.2,mo2_routine,1071.1181,97.1311,154.4613,-0.0023,43:15.0,48:45.0,345,
2-Mar-18,Oligocottus maculosus,tidepool sculpin,35,12,100,1.7206,NFB0010,1s,72.54,olma-I-new-middle-b1new-wt,4.7,101.2,mo2_routine,1081.9207,97.1886,154.5529,-0.0024,53:45.0,59:45.0,375,
2-Mar-18,Oligocottus maculosus,tidepool sculpin,35,12,100,1.7206,NFB0010,1s,72.54,olma-I-new-middle-b1new-wt,4.7,101.2,mo2_routine,1093.0985,97.0523,154.336,-0.0024,05:15.0,10:30.0,330,
2-Mar-18,Oligocottus maculosus,tidepool sculpin,35,12,100,1.7206,NFB0010,1s,72.54,olma-I-new-middle-b1new-wt,4.7,101.2,mo2_routine,1104.1486,97.0965,154.4064,-0.0024,16:00.0,21:45.0,360,
2-Mar-18,Oligocottus maculosus,tidepool sculpin,35,12,100,1.7206,NFB0010,1s,72.54,olma-I-new-middle-b1new-wt,4.7,101.2,mo2_routine,1115.0761,97.4043,154.8958,-0.0022,27:00.0,32:30.0,345,
2-Mar-18,Oligocottus maculosus,tidepool sculpin,35,12,100,1.7206,NFB0010,1s,72.54,olma-I-new-middle-b1new-wt,4.7,101.2,mo2_routine,1126.1275,97.2554,154.6591,-0.0024,38:00.0,43:30.0,345,
2-Mar-18,Oligocottus maculosus,tidepool sculpin,35,12,100,1.7206,NFB0010,1s,72.54,olma-I-new-middle-b1new-wt,4.7,101.2,mo2_routine,1137.1841,96.9115,154.1121,-0.0028,49:00.0,54:30.0,345,
2-Mar-18,Oligocottus maculosus,tidepool sculpin,35,12,100,1.7206,NFB0010,1s,72.54,olma-I-new-middle-b1new-wt,4.7,101.2,mo2_routine,1148.1106,97.1094,154.4269,-0.0024,00:00.0,05:15.0,330,
2-Mar-18,Oligocottus maculosus,tidepool sculpin,35,12,100,1.7206,NFB0010,1s,72.54,olma-I-new-middle-b1new-wt,4.7,101.2,mo2_routine,1159.1659,96.9559,154.1828,-0.0025,11:00.0,16:15.0,330,
2-Mar-18,Oligocottus maculosus,tidepool sculpin,35,12,100,1.7206,NFB0010,1s,72.54,olma-I-new-middle-b1new-wt,4.7,101.2,mo2_routine,1170.2167,97.1997,154.5704,-0.0025,22:00.0,27:15.0,330,
2-Mar-18,Oligocottus maculosus,tidepool sculpin,35,12,100,1.7206,NFB0010,1s,72.54,olma-I-new-middle-b1new-wt,4.7,101.2,mo2_routine,1180.8935,97.372,154.8444,-0.0022,32:30.0,38:00.0,345,
2-Mar-18,Oligocottus maculosus,tidepool sculpin,35,12,100,1.7206,NFB0010,1s,72.54,olma-I-new-middle-b1new-wt,4.7,101.2,mo2_routine,1192.45,97.0231,154.2896,-0.0021,44:00.0,49:30.0,345,
2-Mar-18,Oligocottus maculosus,tidepool sculpin,35,12,100,1.7206,NFB0010,1s,72.54,olma-I-new-middle-b1new-wt,4.7,101.2,pcrit,1203.5016,97.1452,154.4838,-0.0023,55:15.0,00:15.0,315,
2-Mar-18,Oligocottus maculosus,tidepool sculpin,35,12,100,1.7206,NFB0010,1s,72.54,olma-I-new-middle-b1new-wt,4.7,101.2,pcrit,1208.7754,93.2784,148.3346,-0.0022,00:30.0,05:30.0,315,
2-Mar-18,Oligocottus maculosus,tidepool sculpin,35,12,100,1.7206,NFB0010,1s,72.54,olma-I-new-middle-b1new-wt,4.7,101.2,pcrit,1214.05,89.5065,142.3365,-0.002,05:45.0,10:45.0,315,
2-Mar-18,Oligocottus maculosus,tidepool sculpin,35,12,100,1.7206,NFB0010,1s,72.54,olma-I-new-middle-b1new-wt,4.7,101.2,pcrit,1219.3246,85.9102,136.6174,-0.0022,11:00.0,16:00.0,315,
2-Mar-18,Oligocottus maculosus,tidepool sculpin,35,12,100,1.7206,NFB0010,1s,72.54,olma-I-new-middle-b1new-wt,4.7,101.2,pcrit,1224.5976,82.0519,130.4819,-0.0024,16:15.0,21:15.0,315,
2-Mar-18,Oligocottus maculosus,tidepool sculpin,35,12,100,1.7206,NFB0010,1s,72.54,olma-I-new-middle-b1new-wt,4.7,101.2,pcrit,1229.8738,77.7282,123.6061,-0.0027,21:30.0,26:30.0,315,
2-Mar-18,Oligocottus maculosus,tidepool sculpin,35,12,100,1.7206,NFB0010,1s,72.54,olma-I-new-middle-b1new-wt,4.7,101.2,pcrit,1235.1476,74.2616,118.0934,-0.0017,26:45.0,31:45.0,315,
2-Mar-18,Oligocottus maculosus,tidepool sculpin,35,12,100,1.7206,NFB0010,1s,72.54,olma-I-new-middle-b1new-wt,4.7,101.2,pcrit,1240.4238,70.5875,112.2507,-0.0022,32:00.0,37:00.0,315,
2-Mar-18,Oligocottus maculosus,tidepool sculpin,35,12,100,1.7206,NFB0010,1s,72.54,olma-I-new-middle-b1new-wt,4.7,101.2,pcrit,1245.6976,66.8709,106.3405,-0.0023,37:15.0,42:15.0,315,
2-Mar-18,Oligocottus maculosus,tidepool sculpin,35,12,100,1.7206,NFB0010,1s,72.54,olma-I-new-middle-b1new-wt,4.7,101.2,pcrit,1250.9754,62.9874,100.1648,-0.0021,42:30.0,47:30.0,315,
2-Mar-18,Oligocottus maculosus,tidepool sculpin,35,12,100,1.7206,NFB0010,1s,72.54,olma-I-new-middle-b1new-wt,4.7,101.2,pcrit,1256.25,58.9138,93.6868,-0.0024,47:45.0,52:45.0,315,
2-Mar-18,Oligocottus maculosus,tidepool sculpin,35,12,100,1.7206,NFB0010,1s,72.54,olma-I-new-middle-b1new-wt,4.7,101.2,pcrit,1261.5262,55.4008,88.1003,-0.0023,53:00.0,58:00.0,315,
2-Mar-18,Oligocottus maculosus,tidepool sculpin,35,12,100,1.7206,NFB0010,1s,72.54,olma-I-new-middle-b1new-wt,4.7,101.2,pcrit,1266.8016,51.658,82.1484,-0.0022,58:15.0,03:15.0,315,
2-Mar-18,Oligocottus maculosus,tidepool sculpin,35,12,100,1.7206,NFB0010,1s,72.54,olma-I-new-middle-b1new-wt,4.7,101.2,pcrit,1272.0762,47.6942,75.8451,-0.0026,03:30.0,08:30.0,315,
2-Mar-18,Oligocottus maculosus,tidepool sculpin,35,12,100,1.7206,NFB0010,1s,72.54,olma-I-new-middle-b1new-wt,4.7,101.2,pcrit,1277.3548,44.1043,70.1362,-0.0019,08:45.0,13:45.0,315,
2-Mar-18,Oligocottus maculosus,tidepool sculpin,35,12,100,1.7206,NFB0010,1s,72.54,olma-I-new-middle-b1new-wt,4.7,101.2,pcrit,1282.627,40.5592,64.4987,-0.0024,14:00.0,19:00.0,315,
2-Mar-18,Oligocottus maculosus,tidepool sculpin,35,12,100,1.7206,NFB0010,1s,72.54,olma-I-new-middle-b1new-wt,4.7,101.2,pcrit,1287.9016,36.9301,58.7275,-0.0022,19:15.0,24:15.0,315,
2-Mar-18,Oligocottus maculosus,tidepool sculpin,35,12,100,1.7206,NFB0010,1s,72.54,olma-I-new-middle-b1new-wt,4.7,101.2,pcrit,1293.1746,33.2266,52.8381,-0.0021,24:30.0,29:30.0,315,
2-Mar-18,Oligocottus maculosus,tidepool sculpin,35,12,100,1.7206,NFB0010,1s,72.54,olma-I-new-middle-b1new-wt,4.7,101.2,pcrit,1298.4516,29.7506,47.3105,-0.0018,29:45.0,34:45.0,315,
2-Mar-18,Oligocottus maculosus,tidepool sculpin,35,12,100,1.7206,NFB0010,1s,72.54,olma-I-new-middle-b1new-wt,4.7,101.2,pcrit,1303.7254,26.5963,42.2943,-0.002,35:00.0,40:00.0,315,
2-Mar-18,Oligocottus maculosus,tidepool sculpin,35,12,100,1.7206,NFB0010,1s,72.54,olma-I-new-middle-b1new-wt,4.7,101.2,pcrit,1309.0024,23.3376,37.1122,-0.0019,40:15.0,45:15.0,315,
2-Mar-18,Oligocottus maculosus,tidepool sculpin,35,12,100,1.7206,NFB0010,1s,72.54,olma-I-new-middle-b1new-wt,4.7,101.2,pcrit,1314.2762,20.1108,31.9809,-0.0019,45:30.0,50:30.0,315,
2-Mar-18,Oligocottus maculosus,tidepool sculpin,35,12,100,1.7206,NFB0010,1s,72.54,olma-I-new-middle-b1new-wt,4.7,101.2,pcrit,1319.5516,16.6781,26.5222,-0.002,50:45.0,55:45.0,315,
2-Mar-18,Oligocottus maculosus,tidepool sculpin,35,12,100,1.7206,NFB0010,1s,72.54,olma-I-new-middle-b1new-wt,4.7,101.2,pcrit,1324.8255,13.5097,21.4836,-0.0017,56:00.0,01:00.0,315,
2-Mar-18,Oligocottus maculosus,tidepool sculpin,35,12,100,1.7206,NFB0010,1s,72.54,olma-I-new-middle-b1new-wt,4.7,101.2,pcrit,1330.0992,10.4576,16.6301,-0.0019,01:15.0,06:15.0,315,
2-Mar-18,Oligocottus maculosus,tidepool sculpin,35,12,100,1.7206,NFB0010,1s,72.54,olma-I-new-middle-b1new-wt,4.7,101.2,pcrit,1335.3754,7.7739,12.3623,-0.0014,06:30.0,11:30.0,315,
2-Mar-18,Oligocottus maculosus,tidepool sculpin,35,12,100,1.7206,NFB0010,1s,72.54,olma-I-new-middle-b1new-wt,4.7,101.2,pcrit,1340.6508,5.9073,9.394,-0.0009,11:45.0,16:45.0,315,
2-Mar-18,Oligocottus maculosus,tidepool sculpin,35,12,100,1.7206,NFB0010,1s,72.54,olma-I-new-middle-b1new-wt,4.7,101.2,pcrit,1345.9261,4.5174,7.1838,-0.0007,17:00.0,22:00.0,315,
2-Mar-18,Oligocottus maculosus,tidepool sculpin,35,12,100,1.7206,NFB0010,1s,72.54,olma-I-new-middle-b1new-wt,4.7,101.2,pcrit,1351.2031,3.3569,5.3383,-0.0007,22:15.0,27:15.0,315,
2-Mar-18,Oligocottus maculosus,tidepool sculpin,35,12,100,1.7206,NFB0010,1s,72.54,olma-I-new-middle-b1new-wt,4.7,101.2,pcrit,1354.8417,2.6933,4.2829,0.0002,27:30.0,29:15.0,120,
5-Mar-18,Oligocottus maculosus,tidepool sculpin,35,12,10,1.7206,NFB0010,1s,72.54,olma-I-new-middle-b1new-wt,4.7,102.8,mo2_max,4.7765,10.4965,16.9557,-0.0017,02:45.0,06:45.0,255,
5-Mar-18,Oligocottus maculosus,tidepool sculpin,35,12,10,1.7206,NFB0010,1s,72.54,olma-I-new-middle-b1new-wt,4.7,102.8,mo2_routine,17.4649,8.8881,14.3576,-0.0025,14:00.0,20:45.0,420,
5-Mar-18,Oligocottus maculosus,tidepool sculpin,35,12,10,1.7206,NFB0010,1s,72.54,olma-I-new-middle-b1new-wt,4.7,102.8,mo2_routine,31.1556,8.468,13.6791,-0.0025,27:45.0,34:15.0,405,
5-Mar-18,Oligocottus maculosus,tidepool sculpin,35,12,10,1.7206,NFB0010,1s,72.54,olma-I-new-middle-b1new-wt,4.7,102.8,mo2_routine,44.5949,8.6252,13.9329,-0.003,41:15.0,47:30.0,390,
5-Mar-18,Oligocottus maculosus,tidepool sculpin,35,12,10,1.7206,NFB0010,1s,72.54,olma-I-new-middle-b1new-wt,4.7,102.8,mo2_routine,58.1641,9.0535,14.6248,-0.0032,54:45.0,01:00.0,390,
5-Mar-18,Oligocottus maculosus,tidepool sculpin,35,12,10,1.7206,NFB0010,1s,72.54,olma-I-new-middle-b1new-wt,4.7,102.8,mo2_routine,71.7333,9.242,14.9293,-0.0033,08:15.0,14:30.0,390,
5-Mar-18,Oligocottus maculosus,tidepool sculpin,35,12,10,1.7206,NFB0010,1s,72.54,olma-I-new-middle-b1new-wt,4.7,102.8,mo2_routine,85.0487,9.9827,16.1259,-0.0034,21:30.0,27:45.0,390,
5-Mar-18,Oligocottus maculosus,tidepool sculpin,35,12,10,1.7206,NFB0010,1s,72.54,olma-I-new-middle-b1new-wt,4.7,102.8,mo2_routine,98.6125,10.2097,16.4925,-0.0035,34:45.0,41:30.0,420,
5-Mar-18,Oligocottus maculosus,tidepool sculpin,35,12,10,1.7206,NFB0010,1s,72.54,olma-I-new-middle-b1new-wt,4.7,102.8,mo2_routine,112.1798,10.7122,17.3043,-0.0035,48:15.0,55:00.0,420,
5-Mar-18,Oligocottus maculosus,tidepool sculpin,35,12,10,1.7206,NFB0010,1s,72.54,olma-I-new-middle-b1new-wt,4.7,102.8,mo2_routine,125.8691,9.6839,15.6432,-0.0032,02:00.0,08:30.0,405,
5-Mar-18,Oligocottus maculosus,tidepool sculpin,35,12,10,1.7206,NFB0010,1s,72.54,olma-I-new-middle-b1new-wt,4.7,102.8,mo2_routine,139.4307,8.0561,13.0136,-0.0029,15:45.0,21:45.0,375,
5-Mar-18,Oligocottus maculosus,tidepool sculpin,35,12,10,1.7206,NFB0010,1s,72.54,olma-I-new-middle-b1new-wt,4.7,102.8,mo2_routine,152.7467,8.7204,14.0867,-0.0031,29:00.0,35:00.0,375,
5-Mar-18,Oligocottus maculosus,tidepool sculpin,35,12,10,1.7206,NFB0010,1s,72.54,olma-I-new-middle-b1new-wt,4.7,102.8,pcrit,167.0648,12.7618,20.6152,-0.0032,45:15.0,47:15.0,135,
5-Mar-18,Oligocottus maculosus,tidepool sculpin,35,12,10,1.7206,NFB0010,1s,72.54,olma-I-new-middle-b1new-wt,4.7,102.8,pcrit,169.3185,10.2395,16.5407,-0.0036,47:30.0,49:30.0,135,
5-Mar-18,Oligocottus maculosus,tidepool sculpin,35,12,10,1.7206,NFB0010,1s,72.54,olma-I-new-middle-b1new-wt,4.7,102.8,pcrit,171.5815,7.935,12.818,-0.003,49:45.0,51:45.0,135,
5-Mar-18,Oligocottus maculosus,tidepool sculpin,35,12,10,1.7206,NFB0010,1s,72.54,olma-I-new-middle-b1new-wt,4.7,102.8,pcrit,173.8407,6.002,9.6954,-0.0023,52:00.0,54:00.0,135,
5-Mar-18,Oligocottus maculosus,tidepool sculpin,35,12,10,1.7206,NFB0010,1s,72.54,olma-I-new-middle-b1new-wt,4.7,102.8,pcrit,176.1019,4.6943,7.583,-0.0018,54:15.0,56:15.0,135,
5-Mar-18,Oligocottus maculosus,tidepool sculpin,35,12,10,1.7206,NFB0010,1s,72.54,olma-I-new-middle-b1new-wt,4.7,102.8,pcrit,178.3667,3.6446,5.8873,-0.0012,56:30.0,58:30.0,135,
5-Mar-18,Oligocottus maculosus,tidepool sculpin,35,12,10,1.7206,NFB0010,1s,72.54,olma-I-new-middle-b1new-wt,4.7,102.8,pcrit,180.6241,2.7951,4.5152,-0.001,58:45.0,00:45.0,135,
5-Mar-18,Oligocottus maculosus,tidepool sculpin,35,12,10,1.7206,NFB0010,1s,72.54,olma-I-new-middle-b1new-wt,4.7,102.8,pcrit,182.8852,2.1611,3.491,-0.0007,01:00.0,03:00.0,135,
5-Mar-18,Oligocottus maculosus,tidepool sculpin,35,12,10,1.7206,NFB0010,1s,72.54,olma-I-new-middle-b1new-wt,4.7,102.8,pcrit,185.15,1.6895,2.7291,-0.0005,03:15.0,05:15.0,135,
5-Mar-18,Oligocottus maculosus,tidepool sculpin,35,12,10,1.7206,NFB0010,1s,72.54,olma-I-new-middle-b1new-wt,4.7,102.8,pcrit,187.4093,1.2884,2.0812,-0.0006,05:30.0,07:30.0,135,
5-Mar-18,Oligocottus maculosus,tidepool sculpin,35,12,10,1.7206,NFB0010,1s,72.54,olma-I-new-middle-b1new-wt,4.7,102.8,pcrit,189.6667,0.9383,1.5158,-0.0004,07:45.0,09:45.0,135,
5-Mar-18,Oligocottus maculosus,tidepool sculpin,35,12,10,1.7206,NFB0010,1s,72.54,olma-I-new-middle-b1new-wt,4.7,102.8,pcrit,191.9315,0.7497,1.2111,-0.0002,10:00.0,12:00.0,135,
5-Mar-18,Oligocottus maculosus,tidepool sculpin,35,12,10,1.7206,NFB0010,1s,72.54,olma-I-new-middle-b1new-wt,4.7,102.8,pcrit,193.6833,0.6399,1.0336,-0.0002,12:15.0,13:15.0,75,
5-Mar-18,Oligocottus maculosus,tidepool sculpin,35,12,10,1.7206,NFB0010,1s,72.54,olma-I-new-middle-b1new-wt,4.7,102.8,mo2_routine,204.7426,79.408,128.2739,-0.0105,20:30.0,27:00.0,405,
5-Mar-18,Oligocottus maculosus,tidepool sculpin,35,12,10,1.7206,NFB0010,1s,72.54,olma-I-new-middle-b1new-wt,4.7,102.8,mo2_routine,218.0562,85.6824,138.4094,-0.0069,33:45.0,40:15.0,405,
5-Mar-18,Oligocottus maculosus,tidepool sculpin,35,12,10,1.7206,NFB0010,1s,72.54,olma-I-new-middle-b1new-wt,4.7,102.8,mo2_routine,231.4958,87.4745,141.3044,-0.0066,47:00.0,53:45.0,420,
5-Mar-18,Oligocottus maculosus,tidepool sculpin,35,12,10,1.7206,NFB0010,1s,72.54,olma-I-new-middle-b1new-wt,4.7,102.8,mo2_routine,245.0619,85.8166,138.6263,-0.0079,00:30.0,07:15.0,420,
5-Mar-18,Oligocottus maculosus,tidepool sculpin,35,12,10,1.7206,NFB0010,1s,72.54,olma-I-new-middle-b1new-wt,4.7,102.8,mo2_routine,258.5031,87.2825,140.9943,-0.0073,14:00.0,20:30.0,405,
5-Mar-18,Oligocottus maculosus,tidepool sculpin,35,12,10,1.7206,NFB0010,1s,72.54,olma-I-new-middle-b1new-wt,4.7,102.8,mo2_routine,272.1936,87.1941,140.8514,-0.0074,27:45.0,34:00.0,390,
5-Mar-18,Oligocottus maculosus,tidepool sculpin,35,12,10,1.7206,NFB0010,1s,72.54,olma-I-new-middle-b1new-wt,4.7,102.8,mo2_routine,285.5077,86.6566,139.9831,-0.0081,41:00.0,47:15.0,390,
5-Mar-18,Oligocottus maculosus,tidepool sculpin,35,12,10,1.7206,NFB0010,1s,72.54,olma-I-new-middle-b1new-wt,4.7,102.8,mo2_routine,299.3236,85.5712,138.2298,-0.008,55:00.0,00:45.0,360,
5-Mar-18,Oligocottus maculosus,tidepool sculpin,35,12,10,1.7206,NFB0010,1s,72.54,olma-I-new-middle-b1new-wt,4.7,102.8,mo2_routine,312.8897,85.4947,138.1062,-0.0079,08:15.0,14:30.0,390,
5-Mar-18,Oligocottus maculosus,tidepool sculpin,35,12,10,1.7206,NFB0010,1s,72.54,olma-I-new-middle-b1new-wt,4.7,102.8,mo2_routine,325.9512,90.1741,145.6653,-0.0055,21:00.0,27:45.0,420,
5-Mar-18,Oligocottus maculosus,tidepool sculpin,35,12,10,1.7206,NFB0010,1s,72.54,olma-I-new-middle-b1new-wt,4.7,102.8,mo2_routine,340.0192,89.4525,144.4996,-0.0061,35:15.0,41:30.0,390,
5-Mar-18,Oligocottus maculosus,tidepool sculpin,35,12,10,1.7206,NFB0010,1s,72.54,olma-I-new-middle-b1new-wt,4.7,102.8,mo2_routine,352.9575,89.3118,144.2724,-0.0054,47:45.0,54:45.0,435,
5-Mar-18,Oligocottus maculosus,tidepool sculpin,35,12,10,1.7206,NFB0010,1s,72.54,olma-I-new-middle-b1new-wt,4.7,102.8,mo2_routine,366.3972,89.2198,144.1238,-0.0062,01:00.0,08:15.0,450,
5-Mar-18,Oligocottus maculosus,tidepool sculpin,35,12,10,1.7206,NFB0010,1s,72.54,olma-I-new-middle-b1new-wt,4.7,102.8,mo2_routine,380.2154,89.9039,145.2287,-0.0053,15:15.0,21:30.0,390,
5-Mar-18,Oligocottus maculosus,tidepool sculpin,35,12,10,1.7206,NFB0010,1s,72.54,olma-I-new-middle-b1new-wt,4.7,102.8,mo2_routine,393.9123,91.1403,147.2261,-0.0047,28:45.0,35:15.0,405,
5-Mar-18,Oligocottus maculosus,tidepool sculpin,35,12,10,1.7206,NFB0010,1s,72.54,olma-I-new-middle-b1new-wt,4.7,102.8,mo2_routine,406.9759,91.5952,147.9609,-0.0048,41:30.0,48:30.0,435,
5-Mar-18,Oligocottus maculosus,tidepool sculpin,35,12,10,1.7206,NFB0010,1s,72.54,olma-I-new-middle-b1new-wt,4.7,102.8,mo2_routine,420.6673,92.0875,148.7561,-0.0045,55:15.0,02:00.0,420,
5-Mar-18,Oligocottus maculosus,tidepool sculpin,35,12,10,1.7206,NFB0010,1s,72.54,olma-I-new-middle-b1new-wt,4.7,102.8,mo2_routine,434.3586,91.3242,147.5231,-0.0048,08:45.0,15:45.0,435,
5-Mar-18,Oligocottus maculosus,tidepool sculpin,35,12,10,1.7206,NFB0010,1s,72.54,olma-I-new-middle-b1new-wt,4.7,102.8,mo2_routine,447.5511,92.7088,149.7597,-0.004,21:45.0,29:00.0,450,
5-Mar-18,Oligocottus maculosus,tidepool sculpin,35,12,10,1.7206,NFB0010,1s,72.54,olma-I-new-middle-b1new-wt,4.7,102.8,mo2_routine,461.4913,91.6531,148.0544,-0.0042,36:00.0,42:30.0,405,
5-Mar-18,Oligocottus maculosus,tidepool sculpin,35,12,10,1.7206,NFB0010,1s,72.54,olma-I-new-middle-b1new-wt,4.7,102.8,mo2_routine,474.4278,93.0989,150.3898,-0.0039,48:30.0,55:45.0,450,
5-Mar-18,Oligocottus maculosus,tidepool sculpin,35,12,10,1.7206,NFB0010,1s,72.54,olma-I-new-middle-b1new-wt,4.7,102.8,mo2_routine,488.3716,92.6722,149.7006,-0.0038,02:45.0,09:15.0,405,
5-Mar-18,Oligocottus maculosus,tidepool sculpin,35,12,10,1.7206,NFB0010,1s,72.54,olma-I-new-middle-b1new-wt,4.7,102.8,mo2_routine,501.5611,93.1363,150.4503,-0.0038,15:30.0,22:45.0,450,
5-Mar-18,Oligocottus maculosus,tidepool sculpin,35,12,10,1.7206,NFB0010,1s,72.54,olma-I-new-middle-b1new-wt,4.7,102.8,mo2_routine,515.0016,93.3468,150.7904,-0.0037,28:45.0,36:15.0,465,
5-Mar-18,Oligocottus maculosus,tidepool sculpin,35,12,10,1.7206,NFB0010,1s,72.54,olma-I-new-middle-b1new-wt,4.7,102.8,mo2_routine,528.6922,93.3284,150.7607,-0.0036,42:45.0,49:30.0,420,
5-Mar-18,Oligocottus maculosus,tidepool sculpin,35,12,10,1.7206,NFB0010,1s,72.54,olma-I-new-middle-b1new-wt,4.7,102.8,mo2_routine,541.8801,93.7572,151.4532,-0.0034,55:30.0,03:00.0,465,
5-Mar-18,Oligocottus maculosus,tidepool sculpin,35,12,10,1.7206,NFB0010,1s,72.54,olma-I-new-middle-b1new-wt,4.7,102.8,mo2_routine,555.6937,93.5984,151.1969,-0.0034,09:30.0,16:30.0,435,
5-Mar-18,Oligocottus maculosus,tidepool sculpin,35,12,10,1.7206,NFB0010,1s,72.54,olma-I-new-middle-b1new-wt,4.7,102.8,mo2_routine,569.0074,93.9753,151.8055,-0.0034,23:00.0,29:30.0,405,
5-Mar-18,Oligocottus maculosus,tidepool sculpin,35,12,10,1.7206,NFB0010,1s,72.54,olma-I-new-middle-b1new-wt,4.7,102.8,mo2_routine,582.8253,93.2175,150.5815,-0.0036,36:45.0,43:15.0,405,
5-Mar-18,Oligocottus maculosus,tidepool sculpin,35,12,10,1.7206,NFB0010,1s,72.54,olma-I-new-middle-b1new-wt,4.7,102.8,mo2_routine,596.2635,93.5277,151.0825,-0.0032,50:15.0,56:30.0,390,
5-Mar-18,Oligocottus maculosus,tidepool sculpin,35,12,10,1.7206,NFB0010,1s,72.54,olma-I-new-middle-b1new-wt,4.7,102.8,mo2_routine,609.8316,93.3024,150.7187,-0.0035,03:30.0,10:15.0,420,
5-Mar-18,Oligocottus maculosus,tidepool sculpin,35,12,10,1.7206,NFB0010,1s,72.54,olma-I-new-middle-b1new-wt,4.7,102.8,mo2_routine,623.3958,93.3398,150.7791,-0.0032,17:00.0,23:45.0,420,
5-Mar-18,Oligocottus maculosus,tidepool sculpin,35,12,10,1.7206,NFB0010,1s,72.54,olma-I-new-middle-b1new-wt,4.7,102.8,mo2_routine,636.8352,93.8702,151.6358,-0.0032,30:30.0,37:00.0,405,
5-Mar-18,Oligocottus maculosus,tidepool sculpin,35,12,10,1.7206,NFB0010,1s,72.54,olma-I-new-middle-b1new-wt,4.7,102.8,mo2_routine,650.1488,94.0141,151.8684,-0.0032,43:45.0,50:15.0,405,
5-Mar-18,Oligocottus maculosus,tidepool sculpin,35,12,10,1.7206,NFB0010,1s,72.54,olma-I-new-middle-b1new-wt,4.7,102.8,mo2_routine,663.5893,93.6814,151.3308,-0.0034,57:00.0,03:45.0,420,
5-Mar-18,Oligocottus maculosus,tidepool sculpin,35,12,10,1.7206,NFB0010,1s,72.54,olma-I-new-middle-b1new-wt,4.7,102.8,mo2_routine,677.1554,93.8003,151.523,-0.0036,10:30.0,17:15.0,420,
5-Mar-18,Oligocottus maculosus,tidepool sculpin,35,12,10,1.7206,NFB0010,1s,72.54,olma-I-new-middle-b1new-wt,4.7,102.8,mo2_routine,690.4694,91.8443,148.3632,-0.0048,23:30.0,30:45.0,450,
5-Mar-18,Oligocottus maculosus,tidepool sculpin,35,12,10,1.7206,NFB0010,1s,72.54,olma-I-new-middle-b1new-wt,4.7,102.8,mo2_routine,703.6564,94.2349,152.2249,-0.0031,36:45.0,43:45.0,435,
5-Mar-18,Oligocottus maculosus,tidepool sculpin,35,12,10,1.7206,NFB0010,1s,72.54,olma-I-new-middle-b1new-wt,4.7,102.8,mo2_routine,717.7253,94.3372,152.3902,-0.0028,51:00.0,57:30.0,405,
5-Mar-18,Oligocottus maculosus,tidepool sculpin,35,12,10,1.7206,NFB0010,1s,72.54,olma-I-new-middle-b1new-wt,4.7,102.8,mo2_routine,731.0441,94.2568,152.2604,-0.0029,03:45.0,11:15.0,465,
5-Mar-18,Oligocottus maculosus,tidepool sculpin,35,12,10,1.7206,NFB0010,1s,72.54,olma-I-new-middle-b1new-wt,4.7,102.8,mo2_routine,744.6092,94.5192,152.6842,-0.003,17:30.0,24:30.0,435,
5-Mar-18,Oligocottus maculosus,tidepool sculpin,35,12,10,1.7206,NFB0010,1s,72.54,olma-I-new-middle-b1new-wt,4.7,102.8,mo2_routine,758.2989,94.4334,152.5456,-0.003,31:15.0,38:00.0,420,
5-Mar-18,Oligocottus maculosus,tidepool sculpin,35,12,10,1.7206,NFB0010,1s,72.54,olma-I-new-middle-b1new-wt,4.7,102.8,mo2_routine,771.6137,94.6683,152.9251,-0.0028,44:30.0,51:15.0,420,
5-Mar-18,Oligocottus maculosus,tidepool sculpin,35,12,10,1.7206,NFB0010,1s,72.54,olma-I-new-middle-b1new-wt,4.7,102.8,mo2_routine,785.1792,94.4925,152.6411,-0.0029,58:00.0,04:45.0,420,
5-Mar-18,Oligocottus maculosus,tidepool sculpin,35,12,10,1.7206,NFB0010,1s,72.54,olma-I-new-middle-b1new-wt,4.7,102.8,mo2_routine,798.4928,94.8179,153.1668,-0.0029,11:00.0,18:15.0,450,
5-Mar-18,Oligocottus maculosus,tidepool sculpin,35,12,10,1.7206,NFB0010,1s,72.54,olma-I-new-middle-b1new-wt,4.7,102.8,mo2_routine,812.4334,94.3162,152.3563,-0.0029,25:15.0,31:45.0,405,
5-Mar-18,Oligocottus maculosus,tidepool sculpin,35,12,10,1.7206,NFB0010,1s,72.54,olma-I-new-middle-b1new-wt,4.7,102.8,mo2_routine,825.4957,94.9694,153.4115,-0.0028,37:45.0,45:15.0,465,
5-Mar-18,Oligocottus maculosus,tidepool sculpin,35,12,10,1.7206,NFB0010,1s,72.54,olma-I-new-middle-b1new-wt,4.7,102.8,mo2_routine,838.8161,95.1481,153.7002,-0.0027,51:00.0,58:30.0,465,
5-Mar-18,Oligocottus maculosus,tidepool sculpin,35,12,10,1.7206,NFB0010,1s,72.54,olma-I-new-middle-b1new-wt,4.7,102.8,mo2_routine,852.7595,94.7711,153.0911,-0.0027,05:15.0,12:00.0,420,
5-Mar-18,Oligocottus maculosus,tidepool sculpin,35,12,10,1.7206,NFB0010,1s,72.54,olma-I-new-middle-b1new-wt,4.7,102.8,mo2_routine,866.0728,94.6755,152.9366,-0.0027,18:15.0,25:30.0,450,
5-Mar-18,Oligocottus maculosus,tidepool sculpin,35,12,10,1.7206,NFB0010,1s,72.54,olma-I-new-middle-b1new-wt,4.7,102.8,mo2_routine,879.5132,94.8388,153.2005,-0.0029,31:45.0,38:45.0,435,
5-Mar-18,Oligocottus maculosus,tidepool sculpin,35,12,10,1.7206,NFB0010,1s,72.54,olma-I-new-middle-b1new-wt,4.7,102.8,mo2_routine,893.0781,94.8531,153.2236,-0.0025,45:15.0,52:15.0,435,
5-Mar-18,Oligocottus maculosus,tidepool sculpin,35,12,10,1.7206,NFB0010,1s,72.54,olma-I-new-middle-b1new-wt,4.7,102.8,mo2_routine,906.2688,94.5976,152.8109,-0.0029,58:00.0,05:45.0,480,
5-Mar-18,Oligocottus maculosus,tidepool sculpin,35,12,10,1.7206,NFB0010,1s,72.54,olma-I-new-middle-b1new-wt,4.7,102.8,mo2_routine,920.3339,92.8974,150.0645,-0.0037,12:30.0,19:15.0,420,
5-Mar-18,Oligocottus maculosus,tidepool sculpin,35,12,10,1.7206,NFB0010,1s,72.54,olma-I-new-middle-b1new-wt,4.7,102.8,mo2_routine,933.3972,94.9566,153.3908,-0.0027,25:15.0,32:30.0,450,
5-Mar-18,Oligocottus maculosus,tidepool sculpin,35,12,10,1.7206,NFB0010,1s,72.54,olma-I-new-middle-b1new-wt,4.7,102.8,mo2_routine,947.2138,93.9637,151.7869,-0.0031,39:00.0,46:15.0,450,
5-Mar-18,Oligocottus maculosus,tidepool sculpin,35,12,10,1.7206,NFB0010,1s,72.54,olma-I-new-middle-b1new-wt,4.7,102.8,mo2_routine,960.6552,94.3994,152.4907,-0.003,52:30.0,59:30.0,435,
5-Mar-18,Oligocottus maculosus,tidepool sculpin,35,12,10,1.7206,NFB0010,1s,72.54,olma-I-new-middle-b1new-wt,4.7,102.8,mo2_routine,1096.1799,93.2901,150.6987,-0.0036,08:00.0,13:45.0,360,
5-Mar-18,Oligocottus maculosus,tidepool sculpin,35,12,10,1.7206,NFB0010,1s,72.54,olma-I-new-middle-b1new-wt,4.7,102.8,mo2_routine,1109.1172,94.3234,152.368,-0.0029,20:00.0,27:30.0,465,
5-Mar-18,Oligocottus maculosus,tidepool sculpin,35,12,10,1.7206,NFB0010,1s,72.54,olma-I-new-middle-b1new-wt,4.7,102.8,mo2_routine,1122.8089,95.0577,153.5542,-0.0028,34:00.0,40:45.0,420,
5-Mar-18,Oligocottus maculosus,tidepool sculpin,35,12,10,1.7206,NFB0010,1s,72.54,olma-I-new-middle-b1new-wt,4.7,102.8,mo2_routine,1136.4988,94.8594,153.2338,-0.0027,47:45.0,54:15.0,405,
5-Mar-18,Oligocottus maculosus,tidepool sculpin,35,12,10,1.7206,NFB0010,1s,72.54,olma-I-new-middle-b1new-wt,4.7,102.8,mo2_routine,1150.0642,94.9646,153.4038,-0.0028,01:15.0,07:45.0,405,
5-Mar-18,Oligocottus maculosus,tidepool sculpin,35,12,10,1.7206,NFB0010,1s,72.54,olma-I-new-middle-b1new-wt,4.7,102.8,mo2_routine,1163.2539,94.7989,153.136,-0.0028,14:00.0,21:15.0,450,
5-Mar-18,Oligocottus maculosus,tidepool sculpin,35,12,10,1.7206,NFB0010,1s,72.54,olma-I-new-middle-b1new-wt,4.7,102.8,mo2_routine,1176.3161,95.4918,154.2554,-0.0026,26:45.0,34:30.0,480,
5-Mar-18,Oligocottus maculosus,tidepool sculpin,35,12,10,1.7206,NFB0010,1s,72.54,olma-I-new-middle-b1new-wt,4.7,102.8,mo2_routine,1190.1328,94.8948,153.291,-0.0028,40:45.0,48:00.0,450,
5-Mar-18,Oligocottus maculosus,tidepool sculpin,35,12,10,1.7206,NFB0010,1s,72.54,olma-I-new-middle-b1new-wt,4.7,102.8,mo2_routine,1203.5715,94.0968,152.0019,-0.0031,54:00.0,01:30.0,465,
5-Mar-18,Oligocottus maculosus,tidepool sculpin,35,12,10,1.7206,NFB0010,1s,72.54,olma-I-new-middle-b1new-wt,4.7,102.8,mo2_routine,1217.2643,95.1967,153.7787,-0.0027,08:00.0,14:45.0,420,
5-Mar-18,Oligocottus maculosus,tidepool sculpin,35,12,10,1.7206,NFB0010,1s,72.54,olma-I-new-middle-b1new-wt,4.7,102.8,mo2_routine,1230.8291,95.2702,153.8974,-0.0025,21:30.0,28:15.0,420,
5-Mar-18,Oligocottus maculosus,tidepool sculpin,35,12,10,1.7206,NFB0010,1s,72.54,olma-I-new-middle-b1new-wt,4.7,102.8,mo2_routine,1243.8934,95.9029,154.9195,-0.0024,34:15.0,41:30.0,450,
5-Mar-18,Oligocottus maculosus,tidepool sculpin,35,12,10,1.7206,NFB0010,1s,72.54,olma-I-new-middle-b1new-wt,4.7,102.8,mo2_routine,1257.8321,95.2963,153.9395,-0.0026,48:30.0,55:00.0,405,
5-Mar-18,Oligocottus maculosus,tidepool sculpin,35,12,10,1.7206,NFB0010,1s,72.54,olma-I-new-middle-b1new-wt,4.7,102.8,mo2_routine,1271.522,95.1845,153.7589,-0.0026,02:00.0,08:45.0,420,
5-Mar-18,Oligocottus maculosus,tidepool sculpin,35,12,10,1.7206,NFB0010,1s,72.54,olma-I-new-middle-b1new-wt,4.7,102.8,mo2_routine,1284.8375,94.8129,153.1587,-0.0029,15:15.0,22:00.0,420,
5-Mar-18,Oligocottus maculosus,tidepool sculpin,35,12,10,1.7206,NFB0010,1s,72.54,olma-I-new-middle-b1new-wt,4.7,102.8,mo2_routine,1299.0272,93.8262,151.5648,-0.0029,29:30.0,36:00.0,405,
5-Mar-18,Oligocottus maculosus,tidepool sculpin,35,12,10,1.7206,NFB0010,1s,72.54,olma-I-new-middle-b1new-wt,4.7,102.8,mo2_routine,1311.5871,94.8003,153.1383,-0.0026,42:00.0,48:30.0,405,
5-Mar-18,Oligocottus maculosus,tidepool sculpin,35,12,10,1.7206,NFB0010,1s,72.54,olma-I-new-middle-b1new-wt,4.7,102.8,mo2_routine,1325.1523,95.0484,153.5391,-0.0028,55:15.0,02:15.0,435,
5-Mar-18,Oligocottus maculosus,tidepool sculpin,35,12,10,1.7206,NFB0010,1s,72.54,olma-I-new-middle-b1new-wt,4.7,102.8,mo2_routine,1338.5928,95.3838,154.0809,-0.0027,08:30.0,15:45.0,450,
5-Mar-18,Oligocottus maculosus,tidepool sculpin,35,12,10,1.7206,NFB0010,1s,72.54,olma-I-new-middle-b1new-wt,4.7,102.8,mo2_routine,1352.5352,95.1745,153.7427,-0.0028,22:45.0,29:15.0,405,
5-Mar-18,Oligocottus maculosus,tidepool sculpin,35,12,10,1.7206,NFB0010,1s,72.54,olma-I-new-middle-b1new-wt,4.7,102.8,mo2_routine,1365.8489,95.2251,153.8246,-0.0027,35:45.0,42:45.0,435,
5-Mar-18,Oligocottus maculosus,tidepool sculpin,35,12,10,1.7206,NFB0010,1s,72.54,olma-I-new-middle-b1new-wt,4.7,102.8,mo2_routine,1379.0349,95.5923,154.4176,-0.0025,48:45.0,56:00.0,450,
5-Mar-18,Oligocottus maculosus,tidepool sculpin,35,12,10,1.7206,NFB0010,1s,72.54,olma-I-new-middle-b1new-wt,4.7,102.8,mo2_routine,1392.85,94.3716,152.4458,-0.0028,02:45.0,09:30.0,420,
5-Mar-18,Oligocottus maculosus,tidepool sculpin,35,12,10,1.7206,NFB0010,1s,72.54,olma-I-new-middle-b1new-wt,4.7,102.8,mo2_routine,1406.1656,95.5999,154.43,-0.0025,15:45.0,23:00.0,450,
