species,fish_id,mass_g,po2_torr,mo2_ms_per_hr,expt_period
Blepsias_cirrhosus,top_tank7_closed-orange-floats,5,154.5617,2.9520000000000004,pcrit
Blepsias_cirrhosus,top_tank7_closed-orange-floats,5,151.1573,3.8160000000000003,pcrit
Blepsias_cirrhosus,top_tank7_closed-orange-floats,5,147.8476,3.3840000000000003,pcrit
Blepsias_cirrhosus,top_tank7_closed-orange-floats,5,144.0655,3.4559999999999995,pcrit
Blepsias_cirrhosus,top_tank7_closed-orange-floats,5,139.8077,4.392,pcrit
Blepsias_cirrhosus,top_tank7_closed-orange-floats,5,135.2339,4.032,pcrit
Blepsias_cirrhosus,top_tank7_closed-orange-floats,5,129.9105,4.464,pcrit
Blepsias_cirrhosus,top_tank7_closed-orange-floats,5,125.0902,4.536,pcrit
Blepsias_cirrhosus,top_tank7_closed-orange-floats,5,120.6427,3.8880000000000003,pcrit
Blepsias_cirrhosus,top_tank7_closed-orange-floats,5,116.5055,3.528,pcrit
Blepsias_cirrhosus,top_tank7_closed-orange-floats,5,113.1468,2.88,pcrit
Blepsias_cirrhosus,top_tank7_closed-orange-floats,5,109.7303,2.808,pcrit
Blepsias_cirrhosus,top_tank7_closed-orange-floats,5,106.758,2.5919999999999996,pcrit
Blepsias_cirrhosus,top_tank7_closed-orange-floats,5,103.9324,2.7359999999999998,pcrit
Blepsias_cirrhosus,top_tank7_closed-orange-floats,5,100.9223,3.2399999999999998,pcrit
Blepsias_cirrhosus,top_tank7_closed-orange-floats,5,97.1204,4.032,pcrit
Blepsias_cirrhosus,top_tank7_closed-orange-floats,5,91.7804,5.04,pcrit
Blepsias_cirrhosus,top_tank7_closed-orange-floats,5,86.1034,4.968,pcrit
Blepsias_cirrhosus,top_tank7_closed-orange-floats,5,81.1481,4.32,pcrit
Blepsias_cirrhosus,top_tank7_closed-orange-floats,5,76.4806,4.247999999999999,pcrit
Blepsias_cirrhosus,top_tank7_closed-orange-floats,5,71.5195,4.824,pcrit
Blepsias_cirrhosus,top_tank7_closed-orange-floats,5,66.9113,3.2399999999999998,pcrit
Blepsias_cirrhosus,top_tank7_closed-orange-floats,5,63.5912,3.2399999999999998,pcrit
Blepsias_cirrhosus,top_tank7_closed-orange-floats,5,60.2046,3.096,pcrit
Blepsias_cirrhosus,top_tank7_closed-orange-floats,5,56.489,3.096,pcrit
Blepsias_cirrhosus,top_tank7_closed-orange-floats,5,53.0669,3.6,pcrit
Blepsias_cirrhosus,top_tank7_closed-orange-floats,5,48.7047,4.392,pcrit
Blepsias_cirrhosus,top_tank7_closed-orange-floats,5,43.7364,4.247999999999999,pcrit
Blepsias_cirrhosus,top_tank7_closed-orange-floats,5,39.2862,4.176,pcrit
Blepsias_cirrhosus,top_tank7_closed-orange-floats,5,35.0979,3.3840000000000003,pcrit
Blepsias_cirrhosus,top_tank7_closed-orange-floats,5,31.6415,3.168,pcrit
Blepsias_cirrhosus,top_tank7_closed-orange-floats,5,28.586,2.52,pcrit
Blepsias_cirrhosus,top_tank7_closed-orange-floats,5,26.0257,1.9440000000000002,pcrit
Blepsias_cirrhosus,top_tank7_closed-orange-floats,5,23.6659,2.3040000000000003,pcrit
Blepsias_cirrhosus,top_tank7_closed-orange-floats,5,21.3787,1.9440000000000002,pcrit
Blepsias_cirrhosus,top_tank7_closed-orange-floats,5,19.342,1.8,pcrit
Blepsias_cirrhosus,top_tank7_closed-orange-floats,5,17.4922,1.584,pcrit
Blepsias_cirrhosus,top_tank7_closed-orange-floats,5,15.8378,1.512,pcrit
Blepsias_cirrhosus,bottom_tank7_closed-orange-floats,11,147.5746,3.0763636363636366,pcrit
Blepsias_cirrhosus,bottom_tank7_closed-orange-floats,11,139.135,3.632727272727273,pcrit
Blepsias_cirrhosus,bottom_tank7_closed-orange-floats,11,129.1145,4.712727272727272,pcrit
Blepsias_cirrhosus,bottom_tank7_closed-orange-floats,11,115.9078,5.760000000000001,pcrit
Blepsias_cirrhosus,bottom_tank7_closed-orange-floats,11,100.5277,6.381818181818182,pcrit
Blepsias_cirrhosus,bottom_tank7_closed-orange-floats,11,86.1929,5.956363636363637,pcrit
Blepsias_cirrhosus,bottom_tank7_closed-orange-floats,11,72.269,5.432727272727273,pcrit
Blepsias_cirrhosus,bottom_tank7_closed-orange-floats,11,60.1479,4.843636363636364,pcrit
Blepsias_cirrhosus,bottom_tank7_closed-orange-floats,11,49.4228,3.9600000000000004,pcrit
Blepsias_cirrhosus,bottom_tank7_closed-orange-floats,11,40.1913,3.5345454545454547,pcrit
Blepsias_cirrhosus,bottom_tank7_closed-orange-floats,11,32.5433,2.5527272727272727,pcrit
Blepsias_cirrhosus,bottom_tank7_closed-orange-floats,11,26.756,1.8654545454545455,pcrit
Blepsias_cirrhosus,bottom_tank7_closed-orange-floats,11,22.0457,1.8327272727272728,pcrit
Blepsias_cirrhosus,bottom_tank7_closed-orange-floats,11,18.1985,1.4072727272727272,pcrit
Blepsias_cirrhosus,bottom_tank7_closed-orange-floats,11,15.3235,1.0472727272727274,pcrit
Blepsias_cirrhosus,middle_tank7_closed-orange-floats,6.4,143.9593,3.4875,pcrit
Blepsias_cirrhosus,middle_tank7_closed-orange-floats,6.4,139.0683,3.76875,pcrit
Blepsias_cirrhosus,middle_tank7_closed-orange-floats,6.4,134.1751,3.5437499999999997,pcrit
Blepsias_cirrhosus,middle_tank7_closed-orange-floats,6.4,128.9318,4.05,pcrit
Blepsias_cirrhosus,middle_tank7_closed-orange-floats,6.4,123.0404,4.5562499999999995,pcrit
Blepsias_cirrhosus,middle_tank7_closed-orange-floats,6.4,116.7577,4.1625,pcrit
Blepsias_cirrhosus,middle_tank7_closed-orange-floats,6.4,110.6664,4.8374999999999995,pcrit
Blepsias_cirrhosus,middle_tank7_closed-orange-floats,6.4,104.1613,4.2749999999999995,pcrit
Blepsias_cirrhosus,middle_tank7_closed-orange-floats,6.4,98.7941,3.7125,pcrit
Blepsias_cirrhosus,middle_tank7_closed-orange-floats,6.4,93.4409,4.05,pcrit
Blepsias_cirrhosus,middle_tank7_closed-orange-floats,6.4,87.4698,4.5562499999999995,pcrit
Blepsias_cirrhosus,middle_tank7_closed-orange-floats,6.4,81.4924,3.6,pcrit
Blepsias_cirrhosus,middle_tank7_closed-orange-floats,6.4,77.258,2.75625,pcrit
Blepsias_cirrhosus,middle_tank7_closed-orange-floats,6.4,73.2082,2.925,pcrit
Blepsias_cirrhosus,middle_tank7_closed-orange-floats,6.4,69.4608,2.475,pcrit
Blepsias_cirrhosus,middle_tank7_closed-orange-floats,6.4,66.0866,2.30625,pcrit
Blepsias_cirrhosus,middle_tank7_closed-orange-floats,6.4,62.8234,2.30625,pcrit
Blepsias_cirrhosus,middle_tank7_closed-orange-floats,6.4,59.5448,2.6437500000000003,pcrit
Blepsias_cirrhosus,middle_tank7_closed-orange-floats,6.4,55.5779,2.98125,pcrit
Blepsias_cirrhosus,middle_tank7_closed-orange-floats,6.4,51.3755,3.0375,pcrit
Blepsias_cirrhosus,middle_tank7_closed-orange-floats,6.4,46.7225,3.6,pcrit
Blepsias_cirrhosus,middle_tank7_closed-orange-floats,6.4,41.9383,3.15,pcrit
Blepsias_cirrhosus,middle_tank7_closed-orange-floats,6.4,37.496,3.20625,pcrit
Blepsias_cirrhosus,middle_tank7_closed-orange-floats,6.4,33.1895,2.8125,pcrit
Blepsias_cirrhosus,middle_tank7_closed-orange-floats,6.4,29.5836,2.4187499999999997,pcrit
Blepsias_cirrhosus,middle_tank7_closed-orange-floats,6.4,26.4619,2.08125,pcrit
Blepsias_cirrhosus,middle_tank7_closed-orange-floats,6.4,23.7191,1.85625,pcrit
Blepsias_cirrhosus,middle_tank7_closed-orange-floats,6.4,21.3159,1.74375,pcrit
Blepsias_cirrhosus,middle_tank7_closed-orange-floats,6.4,19.1561,1.4625,pcrit
Blepsias_cirrhosus,middle_tank7_closed-orange-floats,6.4,17.1883,1.3499999999999996,pcrit
Blepsias_cirrhosus,middle_tank7_closed-orange-floats,6.4,15.3917,1.2937499999999997,pcrit
Blepsias_cirrhosus,top-bottom_tank7_closed-orange-floats,4.7,153.1312,2.451063829787234,pcrit
Blepsias_cirrhosus,top-bottom_tank7_closed-orange-floats,4.7,150.4276,2.451063829787234,pcrit
Blepsias_cirrhosus,top-bottom_tank7_closed-orange-floats,4.7,147.7663,2.757446808510638,pcrit
Blepsias_cirrhosus,top-bottom_tank7_closed-orange-floats,4.7,145.1869,2.374468085106383,pcrit
Blepsias_cirrhosus,top-bottom_tank7_closed-orange-floats,4.7,142.8345,2.297872340425532,pcrit
Blepsias_cirrhosus,top-bottom_tank7_closed-orange-floats,4.7,139.8303,3.4468085106382977,pcrit
Blepsias_cirrhosus,top-bottom_tank7_closed-orange-floats,4.7,135.4233,5.285106382978723,pcrit
Blepsias_cirrhosus,top-bottom_tank7_closed-orange-floats,4.7,129.6327,5.897872340425532,pcrit
Blepsias_cirrhosus,top-bottom_tank7_closed-orange-floats,4.7,124.315,4.4425531914893615,pcrit
Blepsias_cirrhosus,top-bottom_tank7_closed-orange-floats,4.7,119.5612,4.059574468085106,pcrit
Blepsias_cirrhosus,top-bottom_tank7_closed-orange-floats,4.7,116.0134,3.293617021276596,pcrit
Blepsias_cirrhosus,top-bottom_tank7_closed-orange-floats,4.7,112.6667,2.527659574468085,pcrit
Blepsias_cirrhosus,top-bottom_tank7_closed-orange-floats,4.7,110.1338,2.297872340425532,pcrit
Blepsias_cirrhosus,top-bottom_tank7_closed-orange-floats,4.7,107.6546,2.604255319148936,pcrit
Blepsias_cirrhosus,top-bottom_tank7_closed-orange-floats,4.7,105.1075,2.451063829787234,pcrit
Blepsias_cirrhosus,top-bottom_tank7_closed-orange-floats,4.7,102.7173,2.068085106382979,pcrit
Blepsias_cirrhosus,top-bottom_tank7_closed-orange-floats,4.7,100.1057,2.757446808510638,pcrit
Blepsias_cirrhosus,top-bottom_tank7_closed-orange-floats,4.7,97.4218,2.374468085106383,pcrit
Blepsias_cirrhosus,top-bottom_tank7_closed-orange-floats,4.7,95.0397,2.680851063829787,pcrit
Blepsias_cirrhosus,top-bottom_tank7_closed-orange-floats,4.7,92.2732,2.8340425531914892,pcrit
Blepsias_cirrhosus,top-bottom_tank7_closed-orange-floats,4.7,89.7231,2.987234042553191,pcrit
Blepsias_cirrhosus,top-bottom_tank7_closed-orange-floats,4.7,86.3937,3.3702127659574472,pcrit
Blepsias_cirrhosus,top-bottom_tank7_closed-orange-floats,4.7,83.524,2.2212765957446807,pcrit
Blepsias_cirrhosus,top-bottom_tank7_closed-orange-floats,4.7,80.9184,2.527659574468085,pcrit
Blepsias_cirrhosus,top-bottom_tank7_closed-orange-floats,4.7,78.2691,2.8340425531914892,pcrit
Blepsias_cirrhosus,top-bottom_tank7_closed-orange-floats,4.7,75.7315,2.8340425531914892,pcrit
Blepsias_cirrhosus,top-bottom_tank7_closed-orange-floats,4.7,72.7918,3.6765957446808506,pcrit
Blepsias_cirrhosus,top-bottom_tank7_closed-orange-floats,4.7,69.824,2.1446808510638298,pcrit
Blepsias_cirrhosus,top-bottom_tank7_closed-orange-floats,4.7,67.5104,2.2212765957446807,pcrit
Blepsias_cirrhosus,top-bottom_tank7_closed-orange-floats,4.7,63.865,4.36595744680851,pcrit
Blepsias_cirrhosus,top-bottom_tank7_closed-orange-floats,4.7,60.5159,2.604255319148936,pcrit
Blepsias_cirrhosus,top-bottom_tank7_closed-orange-floats,4.7,57.2255,2.987234042553191,pcrit
Blepsias_cirrhosus,top-bottom_tank7_closed-orange-floats,4.7,53.9105,3.982978723404255,pcrit
Blepsias_cirrhosus,top-bottom_tank7_closed-orange-floats,4.7,49.6322,3.829787234042553,pcrit
Blepsias_cirrhosus,top-bottom_tank7_closed-orange-floats,4.7,46.4247,2.8340425531914892,pcrit
Blepsias_cirrhosus,top-bottom_tank7_closed-orange-floats,4.7,43.4251,2.8340425531914892,pcrit
Blepsias_cirrhosus,top-bottom_tank7_closed-orange-floats,4.7,40.6603,2.757446808510638,pcrit
Blepsias_cirrhosus,top-bottom_tank7_closed-orange-floats,4.7,37.7409,3.0638297872340425,pcrit
Blepsias_cirrhosus,top-bottom_tank7_closed-orange-floats,4.7,34.3402,3.293617021276596,pcrit
Blepsias_cirrhosus,top-bottom_tank7_closed-orange-floats,4.7,31.5485,2.374468085106383,pcrit
Blepsias_cirrhosus,top-bottom_tank7_closed-orange-floats,4.7,29.1458,2.068085106382979,pcrit
Blepsias_cirrhosus,top-bottom_tank7_closed-orange-floats,4.7,27.0897,1.7617021276595743,pcrit
Blepsias_cirrhosus,top-bottom_tank7_closed-orange-floats,4.7,25.2088,1.9148936170212765,pcrit
Blepsias_cirrhosus,top-bottom_tank7_closed-orange-floats,4.7,23.4397,1.7617021276595743,pcrit
Blepsias_cirrhosus,top-bottom_tank7_closed-orange-floats,4.7,21.6788,1.6085106382978722,pcrit
Blepsias_cirrhosus,top-bottom_tank7_closed-orange-floats,4.7,20.106,1.5319148936170213,pcrit
Blepsias_cirrhosus,top-bottom_tank7_closed-orange-floats,4.7,18.4783,1.6851063829787236,pcrit
Blepsias_cirrhosus,top-bottom_tank7_closed-orange-floats,4.7,16.9878,1.378723404255319,pcrit
Blepsias_cirrhosus,top-bottom_tank7_closed-orange-floats,4.7,16.0386,1.5319148936170213,pcrit
Blepsias_cirrhosus,intop-bottom_tank7_closed-orange-floats,6.6,148.3501,3.1636363636363636,pcrit
Blepsias_cirrhosus,intop-bottom_tank7_closed-orange-floats,6.6,143.4605,3.5454545454545454,pcrit
Blepsias_cirrhosus,intop-bottom_tank7_closed-orange-floats,6.6,137.7924,3.9272727272727272,pcrit
Blepsias_cirrhosus,intop-bottom_tank7_closed-orange-floats,6.6,131.7871,4.690909090909091,pcrit
Blepsias_cirrhosus,intop-bottom_tank7_closed-orange-floats,6.6,125.0219,4.3090909090909095,pcrit
Blepsias_cirrhosus,intop-bottom_tank7_closed-orange-floats,6.6,119.0562,3.7636363636363637,pcrit
Blepsias_cirrhosus,intop-bottom_tank7_closed-orange-floats,6.6,114.4912,3.381818181818182,pcrit
Blepsias_cirrhosus,intop-bottom_tank7_closed-orange-floats,6.6,110.6935,2.3454545454545457,pcrit
Blepsias_cirrhosus,intop-bottom_tank7_closed-orange-floats,6.6,107.3329,2.290909090909091,pcrit
Blepsias_cirrhosus,intop-bottom_tank7_closed-orange-floats,6.6,104.2151,1.9090909090909092,pcrit
Blepsias_cirrhosus,intop-bottom_tank7_closed-orange-floats,6.6,101.0376,2.7272727272727275,pcrit
Blepsias_cirrhosus,intop-bottom_tank7_closed-orange-floats,6.6,97.0884,2.8363636363636364,pcrit
Blepsias_cirrhosus,intop-bottom_tank7_closed-orange-floats,6.6,93.6849,2.1272727272727274,pcrit
Blepsias_cirrhosus,intop-bottom_tank7_closed-orange-floats,6.6,89.9086,2.672727272727273,pcrit
Blepsias_cirrhosus,intop-bottom_tank7_closed-orange-floats,6.6,86.5222,2.672727272727273,pcrit
Blepsias_cirrhosus,intop-bottom_tank7_closed-orange-floats,6.6,83.1849,1.9636363636363636,pcrit
Blepsias_cirrhosus,intop-bottom_tank7_closed-orange-floats,6.6,79.566,3.0545454545454547,pcrit
Blepsias_cirrhosus,intop-bottom_tank7_closed-orange-floats,6.6,75.7859,2.9454545454545458,pcrit
Blepsias_cirrhosus,intop-bottom_tank7_closed-orange-floats,6.6,71.403,3.4909090909090916,pcrit
Blepsias_cirrhosus,intop-bottom_tank7_closed-orange-floats,6.6,66.4556,3.272727272727273,pcrit
Blepsias_cirrhosus,intop-bottom_tank7_closed-orange-floats,6.6,61.7341,3.7636363636363637,pcrit
Blepsias_cirrhosus,intop-bottom_tank7_closed-orange-floats,6.6,57.6272,2.563636363636364,pcrit
Blepsias_cirrhosus,intop-bottom_tank7_closed-orange-floats,6.6,53.021,3.3272727272727276,pcrit
Blepsias_cirrhosus,intop-bottom_tank7_closed-orange-floats,6.6,49.1174,2.3454545454545457,pcrit
Blepsias_cirrhosus,intop-bottom_tank7_closed-orange-floats,6.6,45.1643,2.4545454545454546,pcrit
Blepsias_cirrhosus,intop-bottom_tank7_closed-orange-floats,6.6,41.6568,2.8909090909090915,pcrit
Blepsias_cirrhosus,intop-bottom_tank7_closed-orange-floats,6.6,37.5907,2.3454545454545457,pcrit
Blepsias_cirrhosus,intop-bottom_tank7_closed-orange-floats,6.6,34.3032,2.2363636363636368,pcrit
Blepsias_cirrhosus,intop-bottom_tank7_closed-orange-floats,6.6,31.4318,2.290909090909091,pcrit
Blepsias_cirrhosus,intop-bottom_tank7_closed-orange-floats,6.6,28.6028,1.309090909090909,pcrit
Blepsias_cirrhosus,intop-bottom_tank7_closed-orange-floats,6.6,26.1838,1.690909090909091,pcrit
Blepsias_cirrhosus,intop-bottom_tank7_closed-orange-floats,6.6,24.055,1.690909090909091,pcrit
Blepsias_cirrhosus,intop-bottom_tank7_closed-orange-floats,6.6,21.5433,1.4181818181818182,pcrit
Blepsias_cirrhosus,intop-bottom_tank7_closed-orange-floats,6.6,19.8485,1.2545454545454544,pcrit
Blepsias_cirrhosus,intop-bottom_tank7_closed-orange-floats,6.6,17.8746,1.309090909090909,pcrit
Blepsias_cirrhosus,intop-bottom_tank7_closed-orange-floats,6.6,16.2141,0.8727272727272729,pcrit
Blepsias_cirrhosus,top-inbottom_tank7_closed-orange-floats,8.3,152.174,1.9518072289156625,pcrit
Blepsias_cirrhosus,top-inbottom_tank7_closed-orange-floats,8.3,148.5549,2.081927710843373,pcrit
Blepsias_cirrhosus,top-inbottom_tank7_closed-orange-floats,8.3,144.9212,1.9518072289156625,pcrit
Blepsias_cirrhosus,top-inbottom_tank7_closed-orange-floats,8.3,141.2871,2.1686746987951806,pcrit
Blepsias_cirrhosus,top-inbottom_tank7_closed-orange-floats,8.3,137.2212,2.472289156626506,pcrit
Blepsias_cirrhosus,top-inbottom_tank7_closed-orange-floats,8.3,132.9879,2.125301204819277,pcrit
Blepsias_cirrhosus,top-inbottom_tank7_closed-orange-floats,8.3,129.3322,2.081927710843373,pcrit
Blepsias_cirrhosus,top-inbottom_tank7_closed-orange-floats,8.3,125.1403,2.5590361445783127,pcrit
Blepsias_cirrhosus,top-inbottom_tank7_closed-orange-floats,8.3,120.7993,2.081927710843373,pcrit
Blepsias_cirrhosus,top-inbottom_tank7_closed-orange-floats,8.3,117.0745,2.342168674698795,pcrit
Blepsias_cirrhosus,top-inbottom_tank7_closed-orange-floats,8.3,112.7188,2.6457831325301204,pcrit
Blepsias_cirrhosus,top-inbottom_tank7_closed-orange-floats,8.3,107.318,3.0361445783132526,pcrit
Blepsias_cirrhosus,top-inbottom_tank7_closed-orange-floats,8.3,102.3212,2.4289156626506023,pcrit
Blepsias_cirrhosus,top-inbottom_tank7_closed-orange-floats,8.3,98.3219,2.081927710843373,pcrit
Blepsias_cirrhosus,top-inbottom_tank7_closed-orange-floats,8.3,94.5492,2.0385542168674697,pcrit
Blepsias_cirrhosus,top-inbottom_tank7_closed-orange-floats,8.3,90.8597,1.995180722891566,pcrit
Blepsias_cirrhosus,top-inbottom_tank7_closed-orange-floats,8.3,87.3573,1.8216867469879516,pcrit
Blepsias_cirrhosus,top-inbottom_tank7_closed-orange-floats,8.3,83.8564,1.995180722891566,pcrit
Blepsias_cirrhosus,top-inbottom_tank7_closed-orange-floats,8.3,80.3439,2.0385542168674697,pcrit
Blepsias_cirrhosus,top-inbottom_tank7_closed-orange-floats,8.3,76.608,2.125301204819277,pcrit
Blepsias_cirrhosus,top-inbottom_tank7_closed-orange-floats,8.3,72.575,2.2987951807228915,pcrit
Blepsias_cirrhosus,top-inbottom_tank7_closed-orange-floats,8.3,68.4599,2.342168674698795,pcrit
Blepsias_cirrhosus,top-inbottom_tank7_closed-orange-floats,8.3,63.604,2.9493975903614453,pcrit
Blepsias_cirrhosus,top-inbottom_tank7_closed-orange-floats,8.3,58.5966,2.472289156626506,pcrit
Blepsias_cirrhosus,top-inbottom_tank7_closed-orange-floats,8.3,54.1766,2.4289156626506023,pcrit
Blepsias_cirrhosus,top-inbottom_tank7_closed-orange-floats,8.3,50.1451,2.125301204819277,pcrit
Blepsias_cirrhosus,top-inbottom_tank7_closed-orange-floats,8.3,46.48,1.9518072289156625,pcrit
Blepsias_cirrhosus,top-inbottom_tank7_closed-orange-floats,8.3,42.9367,2.0385542168674697,pcrit
Blepsias_cirrhosus,top-inbottom_tank7_closed-orange-floats,8.3,39.3086,2.0385542168674697,pcrit
Blepsias_cirrhosus,top-inbottom_tank7_closed-orange-floats,8.3,35.4676,1.9518072289156625,pcrit
Blepsias_cirrhosus,top-inbottom_tank7_closed-orange-floats,8.3,32.0102,1.908433734939759,pcrit
Blepsias_cirrhosus,top-inbottom_tank7_closed-orange-floats,8.3,28.8077,1.7783132530120482,pcrit
Blepsias_cirrhosus,top-inbottom_tank7_closed-orange-floats,8.3,25.7424,1.6481927710843371,pcrit
Blepsias_cirrhosus,top-inbottom_tank7_closed-orange-floats,8.3,22.9263,1.4746987951807227,pcrit
Blepsias_cirrhosus,top-inbottom_tank7_closed-orange-floats,8.3,20.4355,1.3012048192771084,pcrit
Blepsias_cirrhosus,top-inbottom_tank7_closed-orange-floats,8.3,18.1584,1.1710843373493975,pcrit
Blepsias_cirrhosus,top-inbottom_tank7_closed-orange-floats,8.3,16.388,1.0843373493975903,pcrit
Clinocottus_globiceps,top-bottom,43.3,141.4394,1.9704387990762124,pcrit
Clinocottus_globiceps,top-bottom,43.3,131.6806,2.0120092378752887,pcrit
Clinocottus_globiceps,top-bottom,43.3,118.9164,2.527482678983834,pcrit
Clinocottus_globiceps,top-bottom,43.3,107.4552,2.178290993071594,pcrit
Clinocottus_globiceps,top-bottom,43.3,95.8204,1.9953810623556585,pcrit
Clinocottus_globiceps,top-bottom,43.3,86.3811,1.7376443418013856,pcrit
Clinocottus_globiceps,top-bottom,43.3,75.9954,2.1284064665127023,pcrit
Clinocottus_globiceps,top-bottom,43.3,66.9484,1.6877598152424942,pcrit
Clinocottus_globiceps,top-bottom,43.3,55.7302,2.710392609699769,pcrit
Clinocottus_globiceps,top-bottom,43.3,42.7065,1.6212471131639725,pcrit
Clinocottus_globiceps,top-bottom,43.3,36.8595,1.5963048498845265,pcrit
Clinocottus_globiceps,top-bottom,43.3,28.1953,1.787528868360277,pcrit
Clinocottus_globiceps,top-bottom,43.3,21.1288,0.7981524249422632,pcrit
Clinocottus_globiceps,top-bottom,43.3,16.6847,0.25773672055427255,pcrit
Clinocottus_globiceps,top-bottom,43.3,14.7329,0.956120092378753,pcrit
Clinocottus_globiceps,top-bottom,43.3,13.9337,1.0226327944572748,pcrit
Clinocottus_globiceps,middle,43.6,148.244,1.568807339449541,pcrit
Clinocottus_globiceps,middle,43.6,140.3119,1.5440366972477066,pcrit
Clinocottus_globiceps,middle,43.6,132.0297,1.5522935779816516,pcrit
Clinocottus_globiceps,middle,43.6,123.9264,1.5522935779816516,pcrit
Clinocottus_globiceps,middle,43.6,116.0006,1.5357798165137613,pcrit
Clinocottus_globiceps,middle,43.6,108.0295,1.4944954128440369,pcrit
Clinocottus_globiceps,middle,43.6,99.9492,1.5605504587155965,pcrit
Clinocottus_globiceps,middle,43.6,91.8073,1.4862385321100917,pcrit
Clinocottus_globiceps,middle,43.6,83.6367,1.5522935779816516,pcrit
Clinocottus_globiceps,middle,43.6,75.4781,1.5357798165137613,pcrit
Clinocottus_globiceps,middle,43.6,67.8093,1.5110091743119265,pcrit
Clinocottus_globiceps,middle,43.6,59.4504,1.5027522935779818,pcrit
Clinocottus_globiceps,middle,43.6,51.6527,1.444954128440367,pcrit
Clinocottus_globiceps,middle,43.6,43.485,1.618348623853211,pcrit
Clinocottus_globiceps,middle,43.6,35.2114,1.618348623853211,pcrit
Clinocottus_globiceps,middle,43.6,27.2419,1.420183486238532,pcrit
Clinocottus_globiceps,middle,43.6,20.4233,1.2055045871559633,pcrit
Clinocottus_globiceps,middle,43.6,14.9049,0.9082568807339448,pcrit
Clinocottus_globiceps,middle,43.6,10.8563,0.6770642201834863,pcrit
Clinocottus_globiceps,middle,43.6,7.9038,0.4376146788990826,pcrit
Clinocottus_globiceps,middle,43.6,5.9993,0.3055045871559633,pcrit
Clinocottus_globiceps,middle,43.6,4.9524,0.18990825688073393,pcrit
Clinocottus_globiceps,intop-inbottom,33.8,144.8544,1.6615384615384616,pcrit
Clinocottus_globiceps,intop-inbottom,33.8,137.7869,1.778698224852071,pcrit
Clinocottus_globiceps,intop-inbottom,33.8,130.8036,1.7680473372781067,pcrit
Clinocottus_globiceps,intop-inbottom,33.8,123.567,2.0556213017751483,pcrit
Clinocottus_globiceps,intop-inbottom,33.8,115.7164,1.8106508875739646,pcrit
Clinocottus_globiceps,intop-inbottom,33.8,108.6225,1.778698224852071,pcrit
Clinocottus_globiceps,intop-inbottom,33.8,101.35,1.7680473372781067,pcrit
Clinocottus_globiceps,intop-inbottom,33.8,94.5587,1.7254437869822488,pcrit
Clinocottus_globiceps,intop-inbottom,33.8,87.6628,1.746745562130178,pcrit
Clinocottus_globiceps,intop-inbottom,33.8,81.2414,1.5230769230769232,pcrit
Clinocottus_globiceps,intop-inbottom,33.8,75.4622,1.5124260355029588,pcrit
Clinocottus_globiceps,intop-inbottom,33.8,68.2189,1.8213017751479292,pcrit
Clinocottus_globiceps,intop-inbottom,33.8,61.5273,1.5656804733727812,pcrit
Clinocottus_globiceps,intop-inbottom,33.8,55.2267,1.672189349112426,pcrit
Clinocottus_globiceps,intop-inbottom,33.8,48.8247,1.5017751479289942,pcrit
Clinocottus_globiceps,intop-inbottom,33.8,42.4596,1.672189349112426,pcrit
Clinocottus_globiceps,intop-inbottom,33.8,35.5321,1.8639053254437874,pcrit
Clinocottus_globiceps,intop-inbottom,33.8,28.8331,1.4698224852071007,pcrit
Clinocottus_globiceps,intop-inbottom,33.8,23.199,1.4378698224852073,pcrit
Clinocottus_globiceps,intop-inbottom,33.8,17.1087,1.5443786982248522,pcrit
Clinocottus_globiceps,intop-inbottom,33.8,11.835,1.1822485207100593,pcrit
Clinocottus_globiceps,intop-inbottom,33.8,7.9676,0.8201183431952664,pcrit
Clinocottus_globiceps,intop-inbottom,33.8,5.0232,0.7349112426035503,pcrit
Clinocottus_globiceps,intop-inbottom,33.8,2.6116,0.6284023668639054,pcrit
Clinocottus_globiceps,intop-inbottom,33.8,0.6989,0.42603550295857995,pcrit
Oligocottus_maculosus,top-inbottom_tank10_bucket,6.9,152.4281,2.3478260869565215,pcrit
Oligocottus_maculosus,top-inbottom_tank10_bucket,6.9,148.2156,2.034782608695652,pcrit
Oligocottus_maculosus,top-inbottom_tank10_bucket,6.9,144.8283,1.7739130434782606,pcrit
Oligocottus_maculosus,top-inbottom_tank10_bucket,6.9,141.664,1.826086956521739,pcrit
Oligocottus_maculosus,top-inbottom_tank10_bucket,6.9,138.2448,2.243478260869565,pcrit
Oligocottus_maculosus,top-inbottom_tank10_bucket,6.9,134.943,1.565217391304348,pcrit
Oligocottus_maculosus,top-inbottom_tank10_bucket,6.9,131.5906,2.0869565217391304,pcrit
Oligocottus_maculosus,top-inbottom_tank10_bucket,6.9,127.8945,1.9304347826086956,pcrit
Oligocottus_maculosus,top-inbottom_tank10_bucket,6.9,124.6202,1.565217391304348,pcrit
Oligocottus_maculosus,top-inbottom_tank10_bucket,6.9,121.8272,1.565217391304348,pcrit
Oligocottus_maculosus,top-inbottom_tank10_bucket,6.9,118.5098,2.243478260869565,pcrit
Oligocottus_maculosus,top-inbottom_tank10_bucket,6.9,115.0521,1.4086956521739131,pcrit
Oligocottus_maculosus,top-inbottom_tank10_bucket,6.9,112.2407,1.7217391304347827,pcrit
Oligocottus_maculosus,top-inbottom_tank10_bucket,6.9,108.8353,2.0869565217391304,pcrit
Oligocottus_maculosus,top-inbottom_tank10_bucket,6.9,105.0251,1.8782608695652172,pcrit
Oligocottus_maculosus,top-inbottom_tank10_bucket,6.9,101.5426,1.9826086956521738,pcrit
Oligocottus_maculosus,top-inbottom_tank10_bucket,6.9,98.2046,1.826086956521739,pcrit
Oligocottus_maculosus,top-inbottom_tank10_bucket,6.9,94.6832,2.0869565217391304,pcrit
Oligocottus_maculosus,top-inbottom_tank10_bucket,6.9,91.2203,2.034782608695652,pcrit
Oligocottus_maculosus,top-inbottom_tank10_bucket,6.9,87.5973,1.9304347826086956,pcrit
Oligocottus_maculosus,top-inbottom_tank10_bucket,6.9,83.9371,1.9304347826086956,pcrit
Oligocottus_maculosus,top-inbottom_tank10_bucket,6.9,80.4292,2.034782608695652,pcrit
Oligocottus_maculosus,top-inbottom_tank10_bucket,6.9,76.8293,1.8782608695652172,pcrit
Oligocottus_maculosus,top-inbottom_tank10_bucket,6.9,73.5584,1.8782608695652172,pcrit
Oligocottus_maculosus,top-inbottom_tank10_bucket,6.9,70.2689,1.7217391304347827,pcrit
Oligocottus_maculosus,top-inbottom_tank10_bucket,6.9,66.8039,2.0869565217391304,pcrit
Oligocottus_maculosus,top-inbottom_tank10_bucket,6.9,63.3562,1.7739130434782606,pcrit
Oligocottus_maculosus,top-inbottom_tank10_bucket,6.9,59.8608,2.139130434782609,pcrit
Oligocottus_maculosus,top-inbottom_tank10_bucket,6.9,56.2117,2.0869565217391304,pcrit
Oligocottus_maculosus,top-inbottom_tank10_bucket,6.9,52.7419,1.8782608695652172,pcrit
Oligocottus_maculosus,top-inbottom_tank10_bucket,6.9,49.482,1.8782608695652172,pcrit
Oligocottus_maculosus,top-inbottom_tank10_bucket,6.9,46.0109,1.9826086956521738,pcrit
Oligocottus_maculosus,top-inbottom_tank10_bucket,6.9,42.2344,2.0869565217391304,pcrit
Oligocottus_maculosus,top-inbottom_tank10_bucket,6.9,39.2452,1.565217391304348,pcrit
Oligocottus_maculosus,top-inbottom_tank10_bucket,6.9,36.0957,1.826086956521739,pcrit
Oligocottus_maculosus,top-inbottom_tank10_bucket,6.9,32.6351,1.9304347826086956,pcrit
Oligocottus_maculosus,top-inbottom_tank10_bucket,6.9,29.3694,1.6695652173913045,pcrit
Oligocottus_maculosus,top-inbottom_tank10_bucket,6.9,26.4629,1.4086956521739131,pcrit
Oligocottus_maculosus,top-inbottom_tank10_bucket,6.9,23.5087,2.139130434782609,pcrit
Oligocottus_maculosus,top-inbottom_tank10_bucket,6.9,20.1178,1.7739130434782606,pcrit
Oligocottus_maculosus,top-inbottom_tank10_bucket,6.9,16.972,1.826086956521739,pcrit
Oligocottus_maculosus,top-inbottom_tank10_bucket,6.9,14.1236,1.3565217391304347,pcrit
Oligocottus_maculosus,top-inbottom_tank10_bucket,6.9,12.4367,0.9913043478260869,pcrit
Oligocottus_maculosus,top-inbottom_tank10_bucket,6.9,10.4881,0.8869565217391303,pcrit
Oligocottus_maculosus,top-inbottom_tank10_bucket,6.9,8.9357,0.8869565217391303,pcrit
Oligocottus_maculosus,top-inbottom_tank10_bucket,6.9,7.3127,0.8869565217391303,pcrit
Oligocottus_maculosus,top-inbottom_tank10_bucket,6.9,6.0899,0.4695652173913043,pcrit
Oligocottus_maculosus,top-inbottom_tank10_bucket,6.9,5.1559,0.626086956521739,pcrit
Oligocottus_maculosus,top-inbottom_tank10_bucket,6.9,3.9887,0.5217391304347826,pcrit
Oligocottus_maculosus,top-inbottom_tank10_bucket,6.9,3.3138,0.3652173913043478,pcrit
Oligocottus_maculosus,middle_tank10_bucket,5.9,153.3013,2.0135593220338985,pcrit
Oligocottus_maculosus,middle_tank10_bucket,5.9,149.71,2.7457627118644066,pcrit
Oligocottus_maculosus,middle_tank10_bucket,5.9,146.5892,2.0745762711864404,pcrit
Oligocottus_maculosus,middle_tank10_bucket,5.9,142.0299,2.9288135593220335,pcrit
Oligocottus_maculosus,middle_tank10_bucket,5.9,138.6143,2.0135593220338985,pcrit
Oligocottus_maculosus,middle_tank10_bucket,5.9,135.8359,1.3423728813559324,pcrit
Oligocottus_maculosus,middle_tank10_bucket,5.9,133.2282,2.31864406779661,pcrit
Oligocottus_maculosus,middle_tank10_bucket,5.9,129.8795,2.3796610169491523,pcrit
Oligocottus_maculosus,middle_tank10_bucket,5.9,125.4967,2.806779661016949,pcrit
Oligocottus_maculosus,middle_tank10_bucket,5.9,122.6927,1.8305084745762712,pcrit
Oligocottus_maculosus,middle_tank10_bucket,5.9,119.0093,2.623728813559322,pcrit
Oligocottus_maculosus,middle_tank10_bucket,5.9,115.377,2.1355932203389827,pcrit
Oligocottus_maculosus,middle_tank10_bucket,5.9,111.2318,2.989830508474576,pcrit
Oligocottus_maculosus,middle_tank10_bucket,5.9,108.7667,1.2203389830508473,pcrit
Oligocottus_maculosus,middle_tank10_bucket,5.9,105.6199,2.1355932203389827,pcrit
Oligocottus_maculosus,middle_tank10_bucket,5.9,101.8994,2.7457627118644066,pcrit
Oligocottus_maculosus,middle_tank10_bucket,5.9,98.9603,1.5864406779661016,pcrit
Oligocottus_maculosus,middle_tank10_bucket,5.9,95.1573,2.623728813559322,pcrit
Oligocottus_maculosus,middle_tank10_bucket,5.9,92.371,2.4406779661016946,pcrit
Oligocottus_maculosus,middle_tank10_bucket,5.9,89.2634,1.647457627118644,pcrit
Oligocottus_maculosus,middle_tank10_bucket,5.9,85.9562,2.5627118644067792,pcrit
Oligocottus_maculosus,middle_tank10_bucket,5.9,82.9097,1.4033898305084744,pcrit
Oligocottus_maculosus,middle_tank10_bucket,5.9,80.1031,2.0135593220338985,pcrit
Oligocottus_maculosus,middle_tank10_bucket,5.9,76.6853,2.7457627118644066,pcrit
Oligocottus_maculosus,middle_tank10_bucket,5.9,73.8749,1.5254237288135593,pcrit
Oligocottus_maculosus,middle_tank10_bucket,5.9,70.5125,2.5627118644067792,pcrit
Oligocottus_maculosus,middle_tank10_bucket,5.9,66.8722,2.31864406779661,pcrit
Oligocottus_maculosus,middle_tank10_bucket,5.9,63.8639,2.3796610169491523,pcrit
Oligocottus_maculosus,middle_tank10_bucket,5.9,60.1685,2.4406779661016946,pcrit
Oligocottus_maculosus,middle_tank10_bucket,5.9,56.469,1.952542372881356,pcrit
Oligocottus_maculosus,middle_tank10_bucket,5.9,53.6399,1.8915254237288135,pcrit
Oligocottus_maculosus,middle_tank10_bucket,5.9,50.7363,2.623728813559322,pcrit
Oligocottus_maculosus,middle_tank10_bucket,5.9,46.8096,2.196610169491525,pcrit
Oligocottus_maculosus,middle_tank10_bucket,5.9,44.1296,1.8915254237288135,pcrit
Oligocottus_maculosus,middle_tank10_bucket,5.9,41.5204,1.7084745762711864,pcrit
Oligocottus_maculosus,middle_tank10_bucket,5.9,38.1811,2.623728813559322,pcrit
Oligocottus_maculosus,middle_tank10_bucket,5.9,34.4854,1.8915254237288135,pcrit
Oligocottus_maculosus,middle_tank10_bucket,5.9,31.8429,1.8915254237288135,pcrit
Oligocottus_maculosus,middle_tank10_bucket,5.9,29.1806,1.8305084745762712,pcrit
Oligocottus_maculosus,middle_tank10_bucket,5.9,26.4551,1.7084745762711864,pcrit
Oligocottus_maculosus,middle_tank10_bucket,5.9,24.5023,1.3423728813559324,pcrit
Oligocottus_maculosus,middle_tank10_bucket,5.9,21.753,1.2203389830508473,pcrit
Oligocottus_maculosus,middle_tank10_bucket,5.9,19.4253,1.8915254237288135,pcrit
Oligocottus_maculosus,middle_tank10_bucket,5.9,16.9637,1.0372881355932202,pcrit
Oligocottus_maculosus,middle_tank10_bucket,5.9,15.1635,1.2813559322033896,pcrit
Oligocottus_maculosus,middle_tank10_bucket,5.9,13.3979,0.9152542372881356,pcrit
Oligocottus_maculosus,middle_tank10_bucket,5.9,11.8336,1.0372881355932202,pcrit
Oligocottus_maculosus,middle_tank10_bucket,5.9,10.1672,0.6711864406779662,pcrit
Oligocottus_maculosus,middle_tank10_bucket,5.9,9.0077,0.976271186440678,pcrit
Oligocottus_maculosus,middle_tank10_bucket,5.9,8.0179,0.488135593220339,pcrit
Oligocottus_maculosus,middle_tank10_bucket,5.9,6.9815,0.6711864406779662,pcrit
Oligocottus_maculosus,middle_tank10_bucket,5.9,6.3737,0.488135593220339,pcrit
Oligocottus_maculosus,intop-bottom_tank10_bucket,9.7,150.0389,2.1896907216494848,pcrit
Oligocottus_maculosus,intop-bottom_tank10_bucket,9.7,144.854,1.6701030927835052,pcrit
Oligocottus_maculosus,intop-bottom_tank10_bucket,9.7,141.1169,1.1876288659793817,pcrit
Oligocottus_maculosus,intop-bottom_tank10_bucket,9.7,136.4374,2.5608247422680415,pcrit
Oligocottus_maculosus,intop-bottom_tank10_bucket,9.7,130.6019,1.9298969072164949,pcrit
Oligocottus_maculosus,intop-bottom_tank10_bucket,9.7,127.0219,1.37319587628866,pcrit
Oligocottus_maculosus,intop-bottom_tank10_bucket,9.7,123.0082,1.37319587628866,pcrit
Oligocottus_maculosus,intop-bottom_tank10_bucket,9.7,119.0279,1.6701030927835052,pcrit
Oligocottus_maculosus,intop-bottom_tank10_bucket,9.7,113.8863,2.3381443298969073,pcrit
Oligocottus_maculosus,intop-bottom_tank10_bucket,9.7,109.2861,1.5216494845360828,pcrit
Oligocottus_maculosus,intop-bottom_tank10_bucket,9.7,104.3778,1.781443298969072,pcrit
Oligocottus_maculosus,intop-bottom_tank10_bucket,9.7,99.9185,2.0041237113402066,pcrit
Oligocottus_maculosus,intop-bottom_tank10_bucket,9.7,94.1527,1.9298969072164949,pcrit
Oligocottus_maculosus,intop-bottom_tank10_bucket,9.7,90.2891,1.37319587628866,pcrit
Oligocottus_maculosus,intop-bottom_tank10_bucket,9.7,86.5195,1.595876288659794,pcrit
Oligocottus_maculosus,intop-bottom_tank10_bucket,9.7,81.1316,2.0412371134020617,pcrit
Oligocottus_maculosus,intop-bottom_tank10_bucket,9.7,76.8793,2.0412371134020617,pcrit
Oligocottus_maculosus,intop-bottom_tank10_bucket,9.7,72.0286,1.4845360824742269,pcrit
Oligocottus_maculosus,intop-bottom_tank10_bucket,9.7,67.8354,1.447422680412371,pcrit
Oligocottus_maculosus,intop-bottom_tank10_bucket,9.7,63.9638,1.6701030927835052,pcrit
Oligocottus_maculosus,intop-bottom_tank10_bucket,9.7,58.9244,2.0041237113402066,pcrit
Oligocottus_maculosus,intop-bottom_tank10_bucket,9.7,54.4968,1.4845360824742269,pcrit
Oligocottus_maculosus,intop-bottom_tank10_bucket,9.7,50.6889,1.4103092783505156,pcrit
Oligocottus_maculosus,intop-bottom_tank10_bucket,9.7,46.5468,1.6701030927835052,pcrit
Oligocottus_maculosus,intop-bottom_tank10_bucket,9.7,42.4992,1.4845360824742269,pcrit
Oligocottus_maculosus,intop-bottom_tank10_bucket,9.7,38.0416,1.9298969072164949,pcrit
Oligocottus_maculosus,intop-bottom_tank10_bucket,9.7,33.3441,1.595876288659794,pcrit
Oligocottus_maculosus,intop-bottom_tank10_bucket,9.7,29.0794,1.5587628865979382,pcrit
Oligocottus_maculosus,intop-bottom_tank10_bucket,9.7,25.4795,1.2618556701030927,pcrit
Oligocottus_maculosus,intop-bottom_tank10_bucket,9.7,21.9315,1.5216494845360828,pcrit
Oligocottus_maculosus,intop-bottom_tank10_bucket,9.7,18.4544,1.4103092783505156,pcrit
Oligocottus_maculosus,intop-bottom_tank10_bucket,9.7,15.6796,0.7793814432989691,pcrit
Oligocottus_maculosus,intop-bottom_tank10_bucket,9.7,13.1861,0.9278350515463918,pcrit
Oligocottus_maculosus,intop-bottom_tank10_bucket,9.7,10.9267,0.7051546391752578,pcrit
Oligocottus_maculosus,intop-bottom_tank10_bucket,9.7,9.0161,0.668041237113402,pcrit
Oligocottus_maculosus,intop-bottom_tank10_bucket,9.7,7.3345,0.6309278350515464,pcrit
Oligocottus_maculosus,intop-bottom_tank10_bucket,9.7,5.2543,0.9649484536082474,pcrit
Oligocottus_maculosus,intop-bottom_tank10_bucket,9.7,3.2061,0.4824742268041237,pcrit
Clinocottus_globiceps,intop_tank9_bucket,35.2,147.7234,1.8715909090909089,pcrit
Clinocottus_globiceps,intop_tank9_bucket,35.2,140.2553,1.8818181818181816,pcrit
Clinocottus_globiceps,intop_tank9_bucket,35.2,132.6379,1.8511363636363638,pcrit
Clinocottus_globiceps,intop_tank9_bucket,35.2,125.0968,1.7079545454545453,pcrit
Clinocottus_globiceps,intop_tank9_bucket,35.2,117.4249,1.9329545454545454,pcrit
Clinocottus_globiceps,intop_tank9_bucket,35.2,109.3631,1.8818181818181816,pcrit
Clinocottus_globiceps,intop_tank9_bucket,35.2,101.3122,1.6261363636363635,pcrit
Clinocottus_globiceps,intop_tank9_bucket,35.2,93.0141,2.2602272727272728,pcrit
Clinocottus_globiceps,intop_tank9_bucket,35.2,83.4588,2.2295454545454545,pcrit
Clinocottus_globiceps,intop_tank9_bucket,35.2,74.9716,1.830681818181818,pcrit
Clinocottus_globiceps,intop_tank9_bucket,35.2,67.4915,1.7488636363636363,pcrit
Clinocottus_globiceps,intop_tank9_bucket,35.2,59.9549,1.8511363636363638,pcrit
Clinocottus_globiceps,intop_tank9_bucket,35.2,52.8157,1.575,pcrit
Clinocottus_globiceps,intop_tank9_bucket,35.2,44.6282,1.902272727272727,pcrit
Clinocottus_globiceps,intop_tank9_bucket,35.2,36.4843,1.9534090909090904,pcrit
Clinocottus_globiceps,intop_tank9_bucket,35.2,28.9343,1.7079545454545453,pcrit
Clinocottus_globiceps,intop_tank9_bucket,35.2,22.2829,1.6670454545454543,pcrit
Clinocottus_globiceps,intop_tank9_bucket,35.2,16.4449,1.155681818181818,pcrit
Clinocottus_globiceps,intop_tank9_bucket,35.2,12.565,0.7568181818181817,pcrit
Clinocottus_globiceps,intop_tank9_bucket,35.2,9.8934,0.40909090909090906,pcrit
Clinocottus_globiceps,intop_tank9_bucket,35.2,8.2711,0.2863636363636363,pcrit
Clinocottus_globiceps,inbottom_tank9_bucket,34.8,150.7673,1.510344827586207,pcrit
Clinocottus_globiceps,inbottom_tank9_bucket,34.8,144.3806,1.4068965517241379,pcrit
Clinocottus_globiceps,inbottom_tank9_bucket,34.8,138.4859,1.4689655172413796,pcrit
Clinocottus_globiceps,inbottom_tank9_bucket,34.8,132.6051,1.4586206896551726,pcrit
Clinocottus_globiceps,inbottom_tank9_bucket,34.8,126.6317,1.3965517241379313,pcrit
Clinocottus_globiceps,inbottom_tank9_bucket,34.8,120.8722,1.3862068965517242,pcrit
Clinocottus_globiceps,inbottom_tank9_bucket,34.8,115.0576,1.5413793103448277,pcrit
Clinocottus_globiceps,inbottom_tank9_bucket,34.8,109.0794,1.4586206896551726,pcrit
Clinocottus_globiceps,inbottom_tank9_bucket,34.8,103.2664,1.324137931034483,pcrit
Clinocottus_globiceps,inbottom_tank9_bucket,34.8,97.5779,1.3965517241379313,pcrit
Clinocottus_globiceps,inbottom_tank9_bucket,34.8,91.4302,1.7586206896551726,pcrit
Clinocottus_globiceps,inbottom_tank9_bucket,34.8,84.545,1.4586206896551726,pcrit
Clinocottus_globiceps,inbottom_tank9_bucket,34.8,78.092,1.6448275862068968,pcrit
Clinocottus_globiceps,inbottom_tank9_bucket,34.8,71.6827,1.5620689655172415,pcrit
Clinocottus_globiceps,inbottom_tank9_bucket,34.8,65.5644,1.3344827586206898,pcrit
Clinocottus_globiceps,inbottom_tank9_bucket,34.8,59.6558,1.4689655172413796,pcrit
Clinocottus_globiceps,inbottom_tank9_bucket,34.8,53.471,1.6344827586206898,pcrit
Clinocottus_globiceps,inbottom_tank9_bucket,34.8,47.3339,1.4586206896551726,pcrit
Clinocottus_globiceps,inbottom_tank9_bucket,34.8,41.5496,1.3344827586206898,pcrit
Clinocottus_globiceps,inbottom_tank9_bucket,34.8,35.9918,1.4482758620689655,pcrit
Clinocottus_globiceps,inbottom_tank9_bucket,34.8,30.1684,1.3655172413793106,pcrit
Clinocottus_globiceps,inbottom_tank9_bucket,34.8,24.7443,1.2620689655172415,pcrit
Clinocottus_globiceps,inbottom_tank9_bucket,34.8,19.9412,1.0758620689655172,pcrit
Clinocottus_globiceps,inbottom_tank9_bucket,34.8,15.8067,0.8896551724137932,pcrit
Clinocottus_globiceps,inbottom_tank9_bucket,34.8,12.5406,0.713793103448276,pcrit
Clinocottus_globiceps,inbottom_tank9_bucket,34.8,9.9042,0.5586206896551725,pcrit
Clinocottus_globiceps,inbottom_tank9_bucket,34.8,8.0045,0.3827586206896552,pcrit
Clinocottus_globiceps,inbottom_tank9_bucket,34.8,6.851,0.25862068965517243,pcrit
Clinocottus_globiceps,middle_tank9_bucket,31.4,151.2019,1.364331210191083,pcrit
Clinocottus_globiceps,middle_tank9_bucket,31.4,145.6444,1.6165605095541402,pcrit
Clinocottus_globiceps,middle_tank9_bucket,31.4,139.6647,1.639490445859873,pcrit
Clinocottus_globiceps,middle_tank9_bucket,31.4,132.6946,2.017834394904459,pcrit
Clinocottus_globiceps,middle_tank9_bucket,31.4,126.1736,1.5019108280254778,pcrit
Clinocottus_globiceps,middle_tank9_bucket,31.4,120.6555,1.5363057324840765,pcrit
Clinocottus_globiceps,middle_tank9_bucket,31.4,115.1219,1.4675159235668793,pcrit
Clinocottus_globiceps,middle_tank9_bucket,31.4,109.7423,1.513375796178344,pcrit
Clinocottus_globiceps,middle_tank9_bucket,31.4,104.1774,1.513375796178344,pcrit
Clinocottus_globiceps,middle_tank9_bucket,31.4,98.5767,1.52484076433121,pcrit
Clinocottus_globiceps,middle_tank9_bucket,31.4,92.6102,1.8114649681528665,pcrit
Clinocottus_globiceps,middle_tank9_bucket,31.4,85.9661,1.8229299363057325,pcrit
Clinocottus_globiceps,middle_tank9_bucket,31.4,79.722,1.5592356687898088,pcrit
Clinocottus_globiceps,middle_tank9_bucket,31.4,73.8128,1.6509554140127387,pcrit
Clinocottus_globiceps,middle_tank9_bucket,31.4,67.9293,1.5592356687898088,pcrit
Clinocottus_globiceps,middle_tank9_bucket,31.4,62.3157,1.4675159235668793,pcrit
Clinocottus_globiceps,middle_tank9_bucket,31.4,56.5119,1.6738853503184714,pcrit
Clinocottus_globiceps,middle_tank9_bucket,31.4,50.4431,1.5821656050955415,pcrit
Clinocottus_globiceps,middle_tank9_bucket,31.4,44.5577,1.605095541401274,pcrit
Clinocottus_globiceps,middle_tank9_bucket,31.4,38.6807,1.5707006369426753,pcrit
Clinocottus_globiceps,middle_tank9_bucket,31.4,32.7995,1.5821656050955415,pcrit
Clinocottus_globiceps,middle_tank9_bucket,31.4,27.3291,1.4560509554140129,pcrit
Clinocottus_globiceps,middle_tank9_bucket,31.4,22.0268,1.3987261146496817,pcrit
Clinocottus_globiceps,middle_tank9_bucket,31.4,17.4619,1.135031847133758,pcrit
Clinocottus_globiceps,middle_tank9_bucket,31.4,13.6522,0.8598726114649682,pcrit
Clinocottus_globiceps,middle_tank9_bucket,31.4,10.9596,0.6535031847133758,pcrit
Clinocottus_globiceps,middle_tank9_bucket,31.4,8.9212,0.44713375796178345,pcrit
Clinocottus_globiceps,middle_tank9_bucket,31.4,7.6513,0.2980891719745223,pcrit
Oligocottus_maculosus,intop-bottom_tank10_other-bucket,6.4,153.8476,1.575,pcrit
Oligocottus_maculosus,intop-bottom_tank10_other-bucket,6.4,149.9502,2.08125,pcrit
Oligocottus_maculosus,intop-bottom_tank10_other-bucket,6.4,146.9586,1.2937499999999997,pcrit
Oligocottus_maculosus,intop-bottom_tank10_other-bucket,6.4,143.5109,1.6875,pcrit
Oligocottus_maculosus,intop-bottom_tank10_other-bucket,6.4,140.0761,1.8,pcrit
Oligocottus_maculosus,intop-bottom_tank10_other-bucket,6.4,136.3321,1.9124999999999996,pcrit
Oligocottus_maculosus,intop-bottom_tank10_other-bucket,6.4,132.9566,1.18125,pcrit
Oligocottus_maculosus,intop-bottom_tank10_other-bucket,6.4,129.6259,1.85625,pcrit
Oligocottus_maculosus,intop-bottom_tank10_other-bucket,6.4,125.6666,1.85625,pcrit
Oligocottus_maculosus,intop-bottom_tank10_other-bucket,6.4,121.9142,1.6312499999999999,pcrit
Oligocottus_maculosus,intop-bottom_tank10_other-bucket,6.4,118.686,1.6875,pcrit
Oligocottus_maculosus,intop-bottom_tank10_other-bucket,6.4,115.65,1.51875,pcrit
Oligocottus_maculosus,intop-bottom_tank10_other-bucket,6.4,112.5672,1.0125,pcrit
Oligocottus_maculosus,intop-bottom_tank10_other-bucket,6.4,109.9128,1.85625,pcrit
Oligocottus_maculosus,intop-bottom_tank10_other-bucket,6.4,106.0684,1.8,pcrit
Oligocottus_maculosus,intop-bottom_tank10_other-bucket,6.4,102.5661,1.6312499999999999,pcrit
Oligocottus_maculosus,intop-bottom_tank10_other-bucket,6.4,98.6435,1.51875,pcrit
Oligocottus_maculosus,intop-bottom_tank10_other-bucket,6.4,95.4979,1.6312499999999999,pcrit
Oligocottus_maculosus,intop-bottom_tank10_other-bucket,6.4,92.0546,1.51875,pcrit
Oligocottus_maculosus,intop-bottom_tank10_other-bucket,6.4,89.5723,1.4625,pcrit
Oligocottus_maculosus,intop-bottom_tank10_other-bucket,6.4,85.2152,2.025,pcrit
Oligocottus_maculosus,intop-bottom_tank10_other-bucket,6.4,80.9867,2.3625,pcrit
Oligocottus_maculosus,intop-bottom_tank10_other-bucket,6.4,76.2172,2.08125,pcrit
Oligocottus_maculosus,intop-bottom_tank10_other-bucket,6.4,72.042,1.9124999999999996,pcrit
Oligocottus_maculosus,intop-bottom_tank10_other-bucket,6.4,68.5447,1.40625,pcrit
Oligocottus_maculosus,intop-bottom_tank10_other-bucket,6.4,66.296,1.18125,pcrit
Oligocottus_maculosus,intop-bottom_tank10_other-bucket,6.4,63.2958,1.8,pcrit
Oligocottus_maculosus,intop-bottom_tank10_other-bucket,6.4,58.2601,2.5312499999999996,pcrit
Oligocottus_maculosus,intop-bottom_tank10_other-bucket,6.4,54.644,1.2937499999999997,pcrit
Oligocottus_maculosus,intop-bottom_tank10_other-bucket,6.4,51.2449,2.4187499999999997,pcrit
Oligocottus_maculosus,intop-bottom_tank10_other-bucket,6.4,47.0361,1.40625,pcrit
Oligocottus_maculosus,intop-bottom_tank10_other-bucket,6.4,43.2008,2.30625,pcrit
Oligocottus_maculosus,intop-bottom_tank10_other-bucket,6.4,38.3985,1.9687499999999998,pcrit
Oligocottus_maculosus,intop-bottom_tank10_other-bucket,6.4,34.8197,1.3499999999999996,pcrit
Oligocottus_maculosus,intop-bottom_tank10_other-bucket,6.4,32.2917,1.6312499999999999,pcrit
Oligocottus_maculosus,intop-bottom_tank10_other-bucket,6.4,28.2077,1.74375,pcrit
Oligocottus_maculosus,intop-bottom_tank10_other-bucket,6.4,24.8847,1.4625,pcrit
Oligocottus_maculosus,intop-bottom_tank10_other-bucket,6.4,22.8491,0.84375,pcrit
Oligocottus_maculosus,intop-bottom_tank10_other-bucket,6.4,20.6714,1.18125,pcrit
Oligocottus_maculosus,intop-bottom_tank10_other-bucket,6.4,18.1938,1.2375,pcrit
Oligocottus_maculosus,intop-bottom_tank10_other-bucket,6.4,16.0054,1.18125,pcrit
Oligocottus_maculosus,intop-bottom_tank10_other-bucket,6.4,13.5071,0.84375,pcrit
Oligocottus_maculosus,intop-bottom_tank10_other-bucket,6.4,11.7548,0.6749999999999998,pcrit
Oligocottus_maculosus,intop-bottom_tank10_other-bucket,6.4,10.4445,0.5625,pcrit
Oligocottus_maculosus,intop-bottom_tank10_other-bucket,6.4,9.1295,0.5625,pcrit
Oligocottus_maculosus,intop-bottom_tank10_other-bucket,6.4,8.0987,0.5625,pcrit
Oligocottus_maculosus,intop-bottom_tank10_other-bucket,6.4,7.097,0.225,pcrit
Oligocottus_maculosus,intop-bottom_tank10_other-bucket,6.4,6.2052,0.50625,pcrit
Oligocottus_maculosus,intop-bottom_tank10_other-bucket,6.4,5.2189,0.39375,pcrit
Oligocottus_maculosus,intop-bottom_tank10_other-bucket,6.4,4.4985,0.225,pcrit
Oligocottus_maculosus,bottom_tank10_other-bucket,4.5,141.9596,1.3599999999999999,pcrit
Oligocottus_maculosus,bottom_tank10_other-bucket,4.5,140.1604,1.7600000000000002,pcrit
Oligocottus_maculosus,bottom_tank10_other-bucket,4.5,136.9781,3.5999999999999996,pcrit
Oligocottus_maculosus,bottom_tank10_other-bucket,4.5,134.5797,2,pcrit
Oligocottus_maculosus,bottom_tank10_other-bucket,4.5,131.6687,2.24,pcrit
Oligocottus_maculosus,bottom_tank10_other-bucket,4.5,127.4712,3.7600000000000002,pcrit
Oligocottus_maculosus,bottom_tank10_other-bucket,4.5,122.2794,3.5200000000000005,pcrit
Oligocottus_maculosus,bottom_tank10_other-bucket,4.5,118.4735,2.16,pcrit
Oligocottus_maculosus,bottom_tank10_other-bucket,4.5,115.6069,1.9199999999999997,pcrit
Oligocottus_maculosus,bottom_tank10_other-bucket,4.5,112.8071,1.9199999999999997,pcrit
Oligocottus_maculosus,bottom_tank10_other-bucket,4.5,109.9682,1.9199999999999997,pcrit
Oligocottus_maculosus,bottom_tank10_other-bucket,4.5,107.1915,1.9199999999999997,pcrit
Oligocottus_maculosus,bottom_tank10_other-bucket,4.5,104.4363,1.9199999999999997,pcrit
Oligocottus_maculosus,bottom_tank10_other-bucket,4.5,101.7603,1.8399999999999999,pcrit
Oligocottus_maculosus,bottom_tank10_other-bucket,4.5,99.0022,2.08,pcrit
Oligocottus_maculosus,bottom_tank10_other-bucket,4.5,96.3238,1.9199999999999997,pcrit
Oligocottus_maculosus,bottom_tank10_other-bucket,4.5,93.6684,2,pcrit
Oligocottus_maculosus,bottom_tank10_other-bucket,4.5,90.6847,2.24,pcrit
Oligocottus_maculosus,bottom_tank10_other-bucket,4.5,87.9692,1.2000000000000002,pcrit
Oligocottus_maculosus,bottom_tank10_other-bucket,4.5,85.5585,2.4000000000000004,pcrit
Oligocottus_maculosus,bottom_tank10_other-bucket,4.5,82.5419,2,pcrit
Oligocottus_maculosus,bottom_tank10_other-bucket,4.5,79.205,2.48,pcrit
Oligocottus_maculosus,bottom_tank10_other-bucket,4.5,75.8915,2.16,pcrit
Oligocottus_maculosus,bottom_tank10_other-bucket,4.5,72.3607,3.1199999999999997,pcrit
Oligocottus_maculosus,bottom_tank10_other-bucket,4.5,68.1299,1.2800000000000002,pcrit
Oligocottus_maculosus,bottom_tank10_other-bucket,4.5,66.1183,2.08,pcrit
Oligocottus_maculosus,bottom_tank10_other-bucket,4.5,62.9097,2.32,pcrit
Oligocottus_maculosus,bottom_tank10_other-bucket,4.5,59.9415,2,pcrit
Oligocottus_maculosus,bottom_tank10_other-bucket,4.5,57.0668,2.16,pcrit
Oligocottus_maculosus,bottom_tank10_other-bucket,4.5,53.8082,2.24,pcrit
Oligocottus_maculosus,bottom_tank10_other-bucket,4.5,50.6079,2.24,pcrit
Oligocottus_maculosus,bottom_tank10_other-bucket,4.5,47.5897,2,pcrit
Oligocottus_maculosus,bottom_tank10_other-bucket,4.5,44.69,2.08,pcrit
Oligocottus_maculosus,bottom_tank10_other-bucket,4.5,41.7728,2,pcrit
Oligocottus_maculosus,bottom_tank10_other-bucket,4.5,38.7161,2.24,pcrit
Oligocottus_maculosus,bottom_tank10_other-bucket,4.5,35.6973,2.08,pcrit
Oligocottus_maculosus,bottom_tank10_other-bucket,4.5,32.799,2,pcrit
Oligocottus_maculosus,bottom_tank10_other-bucket,4.5,30.0653,1.9199999999999997,pcrit
Oligocottus_maculosus,bottom_tank10_other-bucket,4.5,27.3009,1.9199999999999997,pcrit
Oligocottus_maculosus,bottom_tank10_other-bucket,4.5,24.6856,1.68,pcrit
Oligocottus_maculosus,bottom_tank10_other-bucket,4.5,22.387,1.7600000000000002,pcrit
Oligocottus_maculosus,bottom_tank10_other-bucket,4.5,19.5527,1.7600000000000002,pcrit
Oligocottus_maculosus,bottom_tank10_other-bucket,4.5,17.769,1.04,pcrit
Oligocottus_maculosus,bottom_tank10_other-bucket,4.5,16.0908,1.2000000000000002,pcrit
Oligocottus_maculosus,bottom_tank10_other-bucket,4.5,14.508,0.8800000000000001,pcrit
Oligocottus_maculosus,bottom_tank10_other-bucket,4.5,13.0521,1.2800000000000002,pcrit
Oligocottus_maculosus,bottom_tank10_other-bucket,4.5,11.7524,0.72,pcrit
Oligocottus_maculosus,bottom_tank10_other-bucket,4.5,10.5133,0.9599999999999999,pcrit
Oligocottus_maculosus,bottom_tank10_other-bucket,4.5,9.1894,0.72,pcrit
Oligocottus_maculosus,bottom_tank10_other-bucket,4.5,8.1801,0.72,pcrit
Oligocottus_maculosus,bottom_tank10_other-bucket,4.5,7.3771,0.4,pcrit
Oligocottus_maculosus,bottom_tank10_other-bucket,4.5,6.6672,0.4799999999999999,pcrit
Oligocottus_maculosus,bottom_tank10_other-bucket,4.5,6.0864,0.56,pcrit
Oligocottus_maculosus,bottom_tank10_other-bucket,4.5,5.3553,0.56,pcrit
Oligocottus_maculosus,bottom_tank10_other-bucket,4.5,4.6515,0.4799999999999999,pcrit
Oligocottus_maculosus,bottom_tank10_other-bucket,4.5,4.1659,0.23999999999999996,pcrit
Oligocottus_maculosus,top_tank10_other-bucket,4.7,153.4039,1.45531914893617,pcrit
Oligocottus_maculosus,top_tank10_other-bucket,4.7,150.8607,1.9148936170212765,pcrit
Oligocottus_maculosus,top_tank10_other-bucket,4.7,148.0608,1.9148936170212765,pcrit
Oligocottus_maculosus,top_tank10_other-bucket,4.7,145.3754,1.8382978723404253,pcrit
Oligocottus_maculosus,top_tank10_other-bucket,4.7,142.7101,1.8382978723404253,pcrit
Oligocottus_maculosus,top_tank10_other-bucket,4.7,140.1019,1.6085106382978722,pcrit
Oligocottus_maculosus,top_tank10_other-bucket,4.7,137.4576,1.9148936170212765,pcrit
Oligocottus_maculosus,top_tank10_other-bucket,4.7,134.0802,2.451063829787234,pcrit
Oligocottus_maculosus,top_tank10_other-bucket,4.7,130.6883,2.297872340425532,pcrit
Oligocottus_maculosus,top_tank10_other-bucket,4.7,126.1589,1.8382978723404253,pcrit
Oligocottus_maculosus,top_tank10_other-bucket,4.7,123.9432,1.45531914893617,pcrit
Oligocottus_maculosus,top_tank10_other-bucket,4.7,121.5213,1.9148936170212765,pcrit
Oligocottus_maculosus,top_tank10_other-bucket,4.7,118.3525,2.2212765957446807,pcrit
Oligocottus_maculosus,top_tank10_other-bucket,4.7,114.9884,2.374468085106383,pcrit
Oligocottus_maculosus,top_tank10_other-bucket,4.7,111.5232,2.2212765957446807,pcrit
Oligocottus_maculosus,top_tank10_other-bucket,4.7,108.5565,1.6851063829787236,pcrit
Oligocottus_maculosus,top_tank10_other-bucket,4.7,106.3674,1.378723404255319,pcrit
Oligocottus_maculosus,top_tank10_other-bucket,4.7,103.9702,1.7617021276595743,pcrit
Oligocottus_maculosus,top_tank10_other-bucket,4.7,101.1607,2.1446808510638298,pcrit
Oligocottus_maculosus,top_tank10_other-bucket,4.7,97.806,2.297872340425532,pcrit
Oligocottus_maculosus,top_tank10_other-bucket,4.7,94.916,1.6851063829787236,pcrit
Oligocottus_maculosus,top_tank10_other-bucket,4.7,92.4636,1.6851063829787236,pcrit
Oligocottus_maculosus,top_tank10_other-bucket,4.7,89.6859,1.6085106382978722,pcrit
Oligocottus_maculosus,top_tank10_other-bucket,4.7,87.1433,1.9148936170212765,pcrit
Oligocottus_maculosus,top_tank10_other-bucket,4.7,84.4772,1.8382978723404253,pcrit
Oligocottus_maculosus,top_tank10_other-bucket,4.7,81.6471,1.8382978723404253,pcrit
Oligocottus_maculosus,top_tank10_other-bucket,4.7,78.9491,1.6851063829787236,pcrit
Oligocottus_maculosus,top_tank10_other-bucket,4.7,76.2186,2.1446808510638298,pcrit
Oligocottus_maculosus,top_tank10_other-bucket,4.7,73.1067,1.8382978723404253,pcrit
Oligocottus_maculosus,top_tank10_other-bucket,4.7,70.3939,1.7617021276595743,pcrit
Oligocottus_maculosus,top_tank10_other-bucket,4.7,67.746,1.7617021276595743,pcrit
Oligocottus_maculosus,top_tank10_other-bucket,4.7,65.0314,2.068085106382979,pcrit
Oligocottus_maculosus,top_tank10_other-bucket,4.7,61.6968,2.297872340425532,pcrit
Oligocottus_maculosus,top_tank10_other-bucket,4.7,58.7482,1.9148936170212765,pcrit
Oligocottus_maculosus,top_tank10_other-bucket,4.7,55.576,2.2212765957446807,pcrit
Oligocottus_maculosus,top_tank10_other-bucket,4.7,52.5391,1.9148936170212765,pcrit
Oligocottus_maculosus,top_tank10_other-bucket,4.7,49.914,1.8382978723404253,pcrit
Oligocottus_maculosus,top_tank10_other-bucket,4.7,47.2695,1.6851063829787236,pcrit
Oligocottus_maculosus,top_tank10_other-bucket,4.7,44.5987,1.9148936170212765,pcrit
Oligocottus_maculosus,top_tank10_other-bucket,4.7,41.6741,2.1446808510638298,pcrit
Oligocottus_maculosus,top_tank10_other-bucket,4.7,38.5691,2.068085106382979,pcrit
Oligocottus_maculosus,top_tank10_other-bucket,4.7,35.6463,1.9148936170212765,pcrit
Oligocottus_maculosus,top_tank10_other-bucket,4.7,32.7731,1.9914893617021274,pcrit
Oligocottus_maculosus,top_tank10_other-bucket,4.7,29.7478,1.9148936170212765,pcrit
Oligocottus_maculosus,top_tank10_other-bucket,4.7,26.8647,2.068085106382979,pcrit
Oligocottus_maculosus,top_tank10_other-bucket,4.7,23.8253,1.9148936170212765,pcrit
Oligocottus_maculosus,top_tank10_other-bucket,4.7,21.423,1.378723404255319,pcrit
Oligocottus_maculosus,top_tank10_other-bucket,4.7,19.2817,1.45531914893617,pcrit
Oligocottus_maculosus,top_tank10_other-bucket,4.7,17.3127,1.225531914893617,pcrit
Oligocottus_maculosus,top_tank10_other-bucket,4.7,15.7998,0.8425531914893618,pcrit
Oligocottus_maculosus,top_tank10_other-bucket,4.7,14.3704,0.9957446808510637,pcrit
Oligocottus_maculosus,top_tank10_other-bucket,4.7,13.0031,0.9957446808510637,pcrit
Oligocottus_maculosus,top_tank10_other-bucket,4.7,11.7471,0.7659574468085106,pcrit
Oligocottus_maculosus,top_tank10_other-bucket,4.7,10.6788,0.7659574468085106,pcrit
Oligocottus_maculosus,top_tank10_other-bucket,4.7,9.7095,0.6127659574468085,pcrit
Oligocottus_maculosus,top_tank10_other-bucket,4.7,8.9143,0.5361702127659574,pcrit
Oligocottus_maculosus,top_tank10_other-bucket,4.7,8.2001,0.5361702127659574,pcrit
